datetime,P1,P2,P3,P4,P5,P6
2022-02-28 00:00:30,1.02e-06,0.0403,-6.0,155.0,774.0,0.0005009999999999999
2022-02-28 00:01:31,1.02e-06,0.0403,-6.0,155.0,774.0,0.0005009999999999999
2022-02-28 00:02:32,1.02e-06,0.0403,-7.0,155.0,774.0,0.0005009999999999999
2022-02-28 00:03:32,1.02e-06,0.0403,-6.0,155.0,774.0,0.0005009999999999999
2022-02-28 00:04:33,1.02e-06,0.0403,-6.0,155.0,774.0,0.0005009999999999999
2022-02-28 00:05:34,1.02e-06,0.0403,-6.0,155.0,774.0,0.0005009999999999999
2022-02-28 00:06:35,1.02e-06,0.0403,-6.0,155.0,773.0,0.0005009999999999999
2022-02-28 00:07:35,1.02e-06,0.0403,-7.0,155.0,775.0,0.0005009999999999999
2022-02-28 00:08:36,1.02e-06,0.0403,-6.0,155.0,774.0,0.0005009999999999999
2022-02-28 00:09:37,1.02e-06,0.0403,-7.0,155.0,774.0,0.0005009999999999999
2022-02-28 00:10:37,1.02e-06,0.0403,-7.0,155.0,774.0,0.0005009999999999999
2022-02-28 00:11:38,1.02e-06,0.0403,-7.0,155.0,774.0,0.0005009999999999999
2022-02-28 00:12:39,1.02e-06,0.0403,-6.0,155.0,773.0,0.0005009999999999999
2022-02-28 00:13:39,1.02e-06,0.0403,-6.0,155.0,775.0,0.0005009999999999999
2022-02-28 00:14:40,1.02e-06,0.0403,-6.0,155.0,773.0,0.0005009999999999999
2022-02-28 00:15:41,1.02e-06,0.0403,-6.0,155.0,774.0,0.0005009999999999999
2022-02-28 00:16:41,1.02e-06,0.0403,-6.0,155.0,774.0,0.0005009999999999999
2022-02-28 00:17:42,1.02e-06,0.0403,-7.0,155.0,774.0,0.0005009999999999999
2022-02-28 00:18:43,1.02e-06,0.0403,-6.0,155.0,774.0,0.0005009999999999999
2022-02-28 00:19:43,1.02e-06,0.0403,-6.0,155.0,775.0,0.0005009999999999999
2022-02-28 00:20:44,1.02e-06,0.0403,-7.0,155.0,774.0,0.0005009999999999999
2022-02-28 00:21:44,1.02e-06,0.0403,-6.0,155.0,773.0,0.0005009999999999999
2022-02-28 00:22:45,1.02e-06,0.0403,-6.0,155.0,774.0,0.0005009999999999999
2022-02-28 00:23:46,1.02e-06,0.0403,-6.0,155.0,773.0,0.0005009999999999999
2022-02-28 00:24:46,1.02e-06,0.0403,-7.0,155.0,774.0,0.0005009999999999999
2022-02-28 00:25:47,1.02e-06,0.0403,-6.0,155.0,773.0,0.0005009999999999999
2022-02-28 00:26:47,1.02e-06,0.0403,-7.0,155.0,774.0,0.0005009999999999999
2022-02-28 00:27:48,1.02e-06,0.0403,-6.0,155.0,774.0,0.0005009999999999999
2022-02-28 00:28:49,1.02e-06,0.0403,-7.0,155.0,774.0,0.0005009999999999999
2022-02-28 00:29:49,1.02e-06,0.0403,-7.0,155.0,773.0,0.0005009999999999999
2022-02-28 00:30:50,1.02e-06,0.0403,-6.0,155.0,774.0,0.0005009999999999999
2022-02-28 00:31:50,1.02e-06,0.0403,-6.0,155.0,774.0,0.0005009999999999999
2022-02-28 00:32:51,1.02e-06,0.0403,-7.0,155.0,774.0,0.0005009999999999999
2022-02-28 00:33:52,1.02e-06,0.0403,-6.0,155.0,774.0,0.0005009999999999999
2022-02-28 00:34:52,1.02e-06,0.0404,-6.0,155.0,774.0,0.0005009999999999999
2022-02-28 00:35:53,1.02e-06,0.0404,-6.0,155.0,774.0,0.0005009999999999999
2022-02-28 00:36:54,1.02e-06,0.0404,-6.0,155.0,773.0,0.0005009999999999999
2022-02-28 00:37:55,1.02e-06,0.0404,-7.0,155.0,774.0,0.0005009999999999999
2022-02-28 00:38:55,1.02e-06,0.0404,-6.0,155.0,774.0,0.0005009999999999999
2022-02-28 00:39:56,1.02e-06,0.0404,-6.0,155.0,774.0,0.0005009999999999999
2022-02-28 00:40:57,1.02e-06,0.0404,-6.0,155.0,774.0,0.0005009999999999999
2022-02-28 00:41:57,1.02e-06,0.0404,-6.0,155.0,774.0,0.0005009999999999999
2022-02-28 00:42:58,1.02e-06,0.0404,-6.0,155.0,775.0,0.0005009999999999999
2022-02-28 00:43:58,1.01e-06,0.0404,-7.0,155.0,773.0,0.0005009999999999999
2022-02-28 00:44:59,1.02e-06,0.0405,-7.0,155.0,774.0,0.0005009999999999999
2022-02-28 00:46:00,1.01e-06,0.0405,-7.0,155.0,774.0,0.0005009999999999999
2022-02-28 00:47:01,1.01e-06,0.0405,-6.0,155.0,774.0,0.0005009999999999999
2022-02-28 00:48:01,1.01e-06,0.0406,-6.0,155.0,774.0,0.0005009999999999999
2022-02-28 00:49:02,1.01e-06,0.0405,-7.0,155.0,774.0,0.0005009999999999999
2022-02-28 00:50:02,1.01e-06,0.0405,-6.0,155.0,774.0,0.0005009999999999999
2022-02-28 00:51:03,1.01e-06,0.0405,-6.0,155.0,774.0,0.0005009999999999999
2022-02-28 00:52:04,1.01e-06,0.0406,-7.0,155.0,773.0,0.0005009999999999999
2022-02-28 00:53:04,1.01e-06,0.0405,-6.0,155.0,773.0,0.0005009999999999999
2022-02-28 00:54:05,1.01e-06,0.0406,-7.0,155.0,774.0,0.0005009999999999999
2022-02-28 00:55:06,1.01e-06,0.0406,-6.0,155.0,774.0,0.0005009999999999999
2022-02-28 00:56:06,1.01e-06,0.0406,-6.0,155.0,774.0,0.0005009999999999999
2022-02-28 00:57:07,1.01e-06,0.0406,-7.0,155.0,773.0,0.0005009999999999999
2022-02-28 00:58:07,1.01e-06,0.0406,-7.0,155.0,774.0,0.0005009999999999999
2022-02-28 00:59:08,1.01e-06,0.0406,-6.0,155.0,773.0,0.0005009999999999999
2022-02-28 01:00:08,2.4e-06,0.0407,-7.0,155.0,773.0,0.0005009999999999999
2022-02-28 01:01:09,1.02e-06,0.0406,-6.0,155.0,774.0,0.0005009999999999999
2022-02-28 01:02:10,1.01e-06,0.0406,-7.0,155.0,774.0,0.0005009999999999999
2022-02-28 01:03:10,1.01e-06,0.0406,-6.0,155.0,774.0,0.0005009999999999999
2022-02-28 01:04:11,1.01e-06,0.0407,-6.0,155.0,775.0,0.0005009999999999999
2022-02-28 01:05:12,1.01e-06,0.0406,-6.0,155.0,773.0,0.0005009999999999999
2022-02-28 01:06:12,1.01e-06,0.0407,-7.0,155.0,774.0,0.0005009999999999999
2022-02-28 01:07:13,1.01e-06,0.0407,-6.0,155.0,774.0,0.0005009999999999999
2022-02-28 01:08:14,1.01e-06,0.0407,-7.0,155.0,774.0,0.0005009999999999999
2022-02-28 01:09:14,1.01e-06,0.0407,-7.0,155.0,773.0,0.0005009999999999999
2022-02-28 01:10:15,1.01e-06,0.0407,-6.0,155.0,774.0,0.0005009999999999999
2022-02-28 01:11:15,1.01e-06,0.0407,-6.0,155.0,773.0,0.0005009999999999999
2022-02-28 01:12:16,1e-06,0.0407,-6.0,155.0,772.0,0.0005009999999999999
2022-02-28 01:13:16,1.01e-06,0.0407,-6.0,155.0,773.0,0.0005009999999999999
2022-02-28 01:14:17,1e-06,0.0406,-6.0,155.0,773.0,0.0005009999999999999
2022-02-28 01:15:18,1e-06,0.0406,-7.0,155.0,773.0,0.0005009999999999999
2022-02-28 01:16:18,1e-06,0.0407,-6.0,155.0,773.0,0.0005009999999999999
2022-02-28 01:17:19,1e-06,0.0407,-7.0,155.0,773.0,0.0005009999999999999
2022-02-28 01:18:20,1e-06,0.0407,-7.0,155.0,773.0,0.0005009999999999999
2022-02-28 01:19:20,1e-06,0.0407,-6.0,155.0,773.0,0.0005009999999999999
2022-02-28 01:20:21,1e-06,0.0407,-6.0,155.0,773.0,0.0005009999999999999
2022-02-28 01:21:22,1.01e-06,0.0407,-6.0,155.0,773.0,0.0005009999999999999
2022-02-28 01:22:22,1e-06,0.0407,-7.0,155.0,774.0,0.0005009999999999999
2022-02-28 01:23:23,1e-06,0.0407,-7.0,155.0,773.0,0.0005009999999999999
2022-02-28 01:24:24,1e-06,0.0408,-6.0,155.0,773.0,0.0005009999999999999
2022-02-28 01:25:24,1e-06,0.0407,-6.0,155.0,773.0,0.0005009999999999999
2022-02-28 01:26:25,9.99e-07,0.0407,-6.0,155.0,773.0,0.0005009999999999999
2022-02-28 01:27:26,9.99e-07,0.0407,-6.0,155.0,773.0,0.0005009999999999999
2022-02-28 01:28:27,9.959999999999999e-07,0.0408,-7.0,155.0,773.0,0.0005009999999999999
2022-02-28 01:29:27,9.97e-07,0.0407,-7.0,155.0,772.0,0.0005009999999999999
2022-02-28 01:30:28,9.95e-07,0.0408,-7.0,155.0,773.0,0.0005009999999999999
2022-02-28 01:31:28,9.93e-07,0.0408,-6.0,155.0,773.0,0.0005009999999999999
2022-02-28 01:32:29,9.93e-07,0.0407,-7.0,155.0,772.0,0.0005009999999999999
2022-02-28 01:33:30,9.95e-07,0.0408,-7.0,155.0,773.0,0.0005009999999999999
2022-02-28 01:34:31,9.93e-07,0.0408,-6.0,155.0,773.0,0.0005009999999999999
2022-02-28 01:35:31,9.92e-07,0.0408,-7.0,155.0,773.0,0.0005009999999999999
2022-02-28 01:36:32,9.92e-07,0.0407,-7.0,155.0,773.0,0.0005009999999999999
2022-02-28 01:37:33,9.89e-07,0.0408,-6.0,155.0,773.0,0.0005009999999999999
2022-02-28 01:38:33,9.9e-07,0.0407,-7.0,155.0,773.0,0.0005009999999999999
2022-02-28 01:39:34,9.89e-07,0.0408,-7.0,155.0,773.0,0.0005009999999999999
2022-02-28 01:40:35,9.89e-07,0.0408,-6.0,155.0,773.0,0.0005009999999999999
2022-02-28 01:41:35,9.89e-07,0.0408,-7.0,155.0,772.0,0.0005009999999999999
2022-02-28 01:42:36,9.88e-07,0.0408,-6.0,155.0,772.0,0.0005009999999999999
2022-02-28 01:43:36,9.89e-07,0.0408,-7.0,155.0,773.0,0.0005009999999999999
2022-02-28 01:44:37,9.88e-07,0.0408,-7.0,155.0,773.0,0.0005009999999999999
2022-02-28 01:45:37,9.86e-07,0.0407,-7.0,155.0,773.0,0.0005009999999999999
2022-02-28 01:46:38,9.86e-07,0.0408,-7.0,155.0,773.0,0.0005009999999999999
2022-02-28 01:47:39,9.86e-07,0.0408,-7.0,155.0,772.0,0.0005009999999999999
2022-02-28 01:48:39,9.85e-07,0.0408,-7.0,155.0,772.0,0.0005009999999999999
2022-02-28 01:49:40,9.85e-07,0.0408,-7.0,155.0,773.0,0.0005009999999999999
2022-02-28 01:50:41,9.83e-07,0.0408,-6.0,155.0,773.0,0.0005009999999999999
2022-02-28 01:51:42,9.82e-07,0.0409,-6.0,155.0,773.0,0.0005009999999999999
2022-02-28 01:52:42,9.82e-07,0.0409,-6.0,155.0,773.0,0.0005009999999999999
2022-02-28 01:53:43,9.81e-07,0.0408,-7.0,155.0,772.0,0.0005009999999999999
2022-02-28 01:54:43,9.8e-07,0.0408,-7.0,155.0,773.0,0.0005009999999999999
2022-02-28 01:55:44,9.8e-07,0.0409,-7.0,155.0,773.0,0.0005009999999999999
2022-02-28 01:56:45,9.79e-07,0.0409,-7.0,155.0,773.0,0.0005009999999999999
2022-02-28 01:57:45,9.79e-07,0.0408,-7.0,155.0,773.0,0.0005009999999999999
2022-02-28 01:58:46,9.79e-07,0.041,-7.0,155.0,773.0,0.0005009999999999999
2022-02-28 01:59:47,9.79e-07,0.0408,-7.0,155.0,773.0,0.0005009999999999999
2022-02-28 02:00:47,9.79e-07,0.0409,-7.0,155.0,773.0,0.0005009999999999999
2022-02-28 02:01:48,9.759999999999998e-07,0.0409,-7.0,155.0,772.0,0.0005009999999999999
2022-02-28 02:02:49,9.75e-07,0.0408,-7.0,155.0,772.0,0.0005009999999999999
2022-02-28 02:03:49,9.770000000000001e-07,0.0409,-7.0,155.0,773.0,0.0005009999999999999
2022-02-28 02:04:50,9.770000000000001e-07,0.0409,-6.0,155.0,773.0,0.0005009999999999999
2022-02-28 02:05:51,9.740000000000001e-07,0.041,-7.0,155.0,773.0,0.0005009999999999999
2022-02-28 02:06:51,9.73e-07,0.041,-6.0,155.0,773.0,0.0005009999999999999
2022-02-28 02:07:52,9.740000000000001e-07,0.041,-7.0,155.0,773.0,0.0005009999999999999
2022-02-28 02:08:53,9.759999999999998e-07,0.041,-7.0,155.0,773.0,0.0005009999999999999
2022-02-28 02:09:53,9.75e-07,0.041,-7.0,155.0,774.0,0.0005009999999999999
2022-02-28 02:10:54,9.73e-07,0.041,-7.0,155.0,773.0,0.0005009999999999999
2022-02-28 02:11:55,9.73e-07,0.041,-6.0,155.0,773.0,0.0005009999999999999
2022-02-28 02:12:56,9.73e-07,0.041,-6.0,155.0,772.0,0.0005009999999999999
2022-02-28 02:13:56,9.7e-07,0.041,-7.0,155.0,772.0,0.0005009999999999999
2022-02-28 02:14:57,9.72e-07,0.0411,-7.0,155.0,773.0,0.0005009999999999999
2022-02-28 02:15:58,9.72e-07,0.041,-6.0,155.0,773.0,0.0005009999999999999
2022-02-28 02:16:58,9.72e-07,0.0411,-6.0,155.0,773.0,0.0005009999999999999
2022-02-28 02:17:59,9.72e-07,0.041,-7.0,155.0,773.0,0.0005009999999999999
2022-02-28 02:19:00,9.7e-07,0.0411,-7.0,155.0,772.0,0.0005009999999999999
2022-02-28 02:20:00,9.69e-07,0.0411,-7.0,155.0,773.0,0.0005009999999999999
2022-02-28 02:21:01,9.69e-07,0.0411,-7.0,155.0,773.0,0.0005009999999999999
2022-02-28 02:22:02,9.679999999999999e-07,0.0411,-7.0,155.0,773.0,0.0005009999999999999
2022-02-28 02:23:02,9.69e-07,0.041,-7.0,155.0,772.0,0.0005009999999999999
2022-02-28 02:24:03,9.63e-07,0.0411,-7.0,155.0,773.0,0.0005009999999999999
2022-02-28 02:25:04,9.63e-07,0.0411,-7.0,155.0,773.0,0.0005009999999999999
2022-02-28 02:26:04,9.65e-07,0.0411,-7.0,155.0,772.0,0.0005009999999999999
2022-02-28 02:27:05,9.63e-07,0.0411,-7.0,155.0,772.0,0.0005009999999999999
2022-02-28 02:28:06,9.62e-07,0.0411,-7.0,155.0,773.0,0.0005009999999999999
2022-02-28 02:29:06,9.62e-07,0.0411,-6.0,155.0,773.0,0.0005009999999999999
2022-02-28 02:30:07,9.62e-07,0.0411,-7.0,155.0,773.0,0.0005009999999999999
2022-02-28 02:31:08,9.62e-07,0.0411,-7.0,155.0,773.0,0.0005009999999999999
2022-02-28 02:32:08,9.61e-07,0.0411,-7.0,155.0,772.0,0.0005009999999999999
2022-02-28 02:33:09,9.61e-07,0.0411,-7.0,155.0,772.0,0.0005009999999999999
2022-02-28 02:34:10,9.61e-07,0.0411,-6.0,155.0,773.0,0.0005009999999999999
2022-02-28 02:35:10,9.61e-07,0.0411,-7.0,155.0,773.0,0.0005009999999999999
2022-02-28 02:36:11,9.61e-07,0.0411,-7.0,155.0,772.0,0.0005009999999999999
2022-02-28 02:37:12,9.59e-07,0.0411,-7.0,155.0,772.0,0.0005009999999999999
2022-02-28 02:38:12,9.6e-07,0.0411,-7.0,155.0,772.0,0.0005009999999999999
2022-02-28 02:39:13,9.59e-07,0.0412,-7.0,155.0,773.0,0.0005009999999999999
2022-02-28 02:40:14,9.570000000000001e-07,0.0411,-7.0,155.0,773.0,0.0005009999999999999
2022-02-28 02:41:15,9.55e-07,0.0411,-7.0,155.0,773.0,0.0005009999999999999
2022-02-28 02:42:15,9.59e-07,0.0411,-6.0,155.0,773.0,0.0005009999999999999
2022-02-28 02:43:16,9.6e-07,0.0412,-6.0,155.0,773.0,0.0005009999999999999
2022-02-28 02:44:16,9.570000000000001e-07,0.0411,-7.0,155.0,773.0,0.0005009999999999999
2022-02-28 02:45:17,9.54e-07,0.0411,-7.0,155.0,773.0,0.0005009999999999999
2022-02-28 02:46:18,9.54e-07,0.0411,-7.0,155.0,773.0,0.0005009999999999999
2022-02-28 02:47:18,9.54e-07,0.0411,-7.0,155.0,773.0,0.0005009999999999999
2022-02-28 02:48:19,9.58e-07,0.0411,-7.0,155.0,772.0,0.0005009999999999999
2022-02-28 02:49:20,9.53e-07,0.0411,-7.0,155.0,772.0,0.0005009999999999999
2022-02-28 02:50:21,9.54e-07,0.0411,-7.0,155.0,772.0,0.0005009999999999999
2022-02-28 02:51:21,9.55e-07,0.0411,-6.0,155.0,772.0,0.0005009999999999999
2022-02-28 02:52:22,9.54e-07,0.0411,-7.0,155.0,772.0,0.0005009999999999999
2022-02-28 02:53:23,9.54e-07,0.0411,-7.0,155.0,772.0,0.0005009999999999999
2022-02-28 02:54:23,9.53e-07,0.0411,-7.0,155.0,772.0,0.0005009999999999999
2022-02-28 02:55:24,9.520000000000001e-07,0.0411,-7.0,155.0,772.0,0.0005009999999999999
2022-02-28 02:56:24,9.520000000000001e-07,0.0411,-6.0,155.0,771.0,0.0005009999999999999
2022-02-28 02:57:25,9.520000000000001e-07,0.0411,-7.0,155.0,772.0,0.0005009999999999999
2022-02-28 02:58:26,9.520000000000001e-07,0.0411,-7.0,155.0,772.0,0.0005009999999999999
2022-02-28 02:59:26,9.51e-07,0.0411,-6.0,155.0,772.0,0.0005009999999999999
2022-02-28 03:00:27,9.520000000000001e-07,0.0411,-7.0,155.0,773.0,0.0005009999999999999
2022-02-28 03:01:28,9.520000000000001e-07,0.0411,-7.0,155.0,772.0,0.0005009999999999999
2022-02-28 03:02:28,9.51e-07,0.0411,-7.0,155.0,772.0,0.0005009999999999999
2022-02-28 03:03:29,9.51e-07,0.0411,-6.0,155.0,772.0,0.0005009999999999999
2022-02-28 03:04:30,9.51e-07,0.0411,-7.0,155.0,772.0,0.0005009999999999999
2022-02-28 03:05:30,9.51e-07,0.0411,-7.0,155.0,772.0,0.0005009999999999999
2022-02-28 03:06:31,9.5e-07,0.0411,-6.0,155.0,771.0,0.0005009999999999999
2022-02-28 03:07:32,9.47e-07,0.0411,-7.0,155.0,772.0,0.0005009999999999999
2022-02-28 03:08:32,9.49e-07,0.0411,-7.0,155.0,772.0,0.0005009999999999999
2022-02-28 03:09:33,9.47e-07,0.0411,-7.0,155.0,772.0,0.0005009999999999999
2022-02-28 03:10:34,9.459999999999999e-07,0.0411,-7.0,155.0,772.0,0.0005009999999999999
2022-02-28 03:11:35,9.459999999999999e-07,0.0411,-7.0,155.0,771.0,0.0005009999999999999
2022-02-28 03:12:35,9.49e-07,0.0412,-7.0,155.0,772.0,0.0005009999999999999
2022-02-28 03:13:36,9.459999999999999e-07,0.0412,-6.0,155.0,772.0,0.0005009999999999999
2022-02-28 03:14:37,9.459999999999999e-07,0.0412,-7.0,155.0,772.0,0.0005009999999999999
2022-02-28 03:15:37,9.459999999999999e-07,0.0412,-6.0,155.0,772.0,0.0005009999999999999
2022-02-28 03:16:38,9.45e-07,0.0413,-7.0,155.0,771.0,0.0005009999999999999
2022-02-28 03:17:39,9.45e-07,0.0411,-7.0,155.0,772.0,0.0005009999999999999
2022-02-28 03:18:40,9.440000000000001e-07,0.0412,-7.0,155.0,772.0,0.0005009999999999999
2022-02-28 03:19:40,9.45e-07,0.0412,-7.0,155.0,772.0,0.0005009999999999999
2022-02-28 03:20:41,9.47e-07,0.0412,-6.0,155.0,772.0,0.0005009999999999999
2022-02-28 03:21:42,9.45e-07,0.0412,-7.0,155.0,772.0,0.0005009999999999999
2022-02-28 03:22:42,9.440000000000001e-07,0.0412,-7.0,155.0,772.0,0.0005009999999999999
2022-02-28 03:23:43,9.440000000000001e-07,0.0412,-6.0,155.0,772.0,0.0005009999999999999
2022-02-28 03:24:44,9.43e-07,0.0413,-7.0,155.0,772.0,0.0005009999999999999
2022-02-28 03:25:45,9.43e-07,0.0413,-7.0,155.0,771.0,0.0005009999999999999
2022-02-28 03:26:45,9.43e-07,0.0413,-7.0,155.0,772.0,0.0005009999999999999
2022-02-28 03:27:46,9.43e-07,0.0413,-7.0,155.0,772.0,0.0005009999999999999
2022-02-28 03:28:47,9.45e-07,0.0413,-7.0,155.0,772.0,0.0005009999999999999
2022-02-28 03:29:47,9.42e-07,0.0413,-6.0,155.0,771.0,0.0005009999999999999
2022-02-28 03:30:48,9.43e-07,0.0412,-7.0,155.0,772.0,0.0005009999999999999
2022-02-28 03:31:49,9.440000000000001e-07,0.0413,-6.0,155.0,772.0,0.0005009999999999999
2022-02-28 03:32:49,9.43e-07,0.0413,-7.0,155.0,772.0,0.0005009999999999999
2022-02-28 03:33:50,9.43e-07,0.0413,-7.0,155.0,772.0,0.0005009999999999999
2022-02-28 03:34:51,9.41e-07,0.0413,-7.0,155.0,772.0,0.0005009999999999999
2022-02-28 03:35:52,9.42e-07,0.0413,-7.0,155.0,772.0,0.0005009999999999999
2022-02-28 03:36:52,9.39e-07,0.0413,-7.0,155.0,772.0,0.0005009999999999999
2022-02-28 03:37:53,9.42e-07,0.0413,-7.0,155.0,772.0,0.0005009999999999999
2022-02-28 03:38:54,9.41e-07,0.0413,-7.0,155.0,771.0,0.0005009999999999999
2022-02-28 03:39:55,9.39e-07,0.0413,-7.0,155.0,770.0,0.0005009999999999999
2022-02-28 03:40:55,9.41e-07,0.0413,-7.0,155.0,772.0,0.0005009999999999999
2022-02-28 03:41:56,9.39e-07,0.0413,-7.0,155.0,772.0,0.0005009999999999999
2022-02-28 03:42:56,9.41e-07,0.0413,-7.0,155.0,772.0,0.0005009999999999999
2022-02-28 03:43:57,9.38e-07,0.0413,-7.0,155.0,772.0,0.0005009999999999999
2022-02-28 03:44:58,9.37e-07,0.0413,-7.0,155.0,772.0,0.0005009999999999999
2022-02-28 03:45:59,9.38e-07,0.0413,-7.0,155.0,772.0,0.0005009999999999999
2022-02-28 03:46:59,9.359999999999999e-07,0.0413,-7.0,155.0,772.0,0.0005009999999999999
2022-02-28 03:48:00,9.37e-07,0.0414,-7.0,155.0,771.0,0.0005009999999999999
2022-02-28 03:49:01,9.37e-07,0.0413,-7.0,155.0,772.0,0.0005009999999999999
2022-02-28 03:50:02,9.359999999999999e-07,0.0413,-7.0,155.0,772.0,0.0005009999999999999
2022-02-28 03:51:02,9.359999999999999e-07,0.0413,-6.0,155.0,772.0,0.0005009999999999999
2022-02-28 03:52:03,9.359999999999999e-07,0.0413,-7.0,155.0,772.0,0.0005009999999999999
2022-02-28 03:53:04,9.359999999999999e-07,0.0414,-7.0,155.0,772.0,0.0005009999999999999
2022-02-28 03:54:05,9.35e-07,0.0413,-7.0,155.0,772.0,0.0005009999999999999
2022-02-28 03:55:06,9.359999999999999e-07,0.0413,-7.0,155.0,771.0,0.0005009999999999999
2022-02-28 03:56:06,9.35e-07,0.0413,-7.0,155.0,771.0,0.0005009999999999999
2022-02-28 03:57:07,9.35e-07,0.0413,-7.0,155.0,772.0,0.0005009999999999999
2022-02-28 03:58:07,9.35e-07,0.0414,-7.0,154.0,771.0,0.0005009999999999999
2022-02-28 03:59:08,9.33e-07,0.0414,-7.0,155.0,772.0,0.0005009999999999999
2022-02-28 04:00:09,9.33e-07,0.0414,-7.0,155.0,772.0,0.0005009999999999999
2022-02-28 04:01:09,9.340000000000001e-07,0.0413,-7.0,154.0,771.0,0.0005009999999999999
2022-02-28 04:02:10,9.440000000000001e-07,0.0414,-7.0,155.0,771.0,0.0005009999999999999
2022-02-28 04:03:11,9.37e-07,0.0414,-7.0,155.0,770.0,0.0005009999999999999
2022-02-28 04:04:11,9.35e-07,0.0415,-7.0,155.0,773.0,0.0005009999999999999
2022-02-28 04:05:12,9.35e-07,0.0414,-7.0,155.0,772.0,0.0005009999999999999
2022-02-28 04:06:12,9.340000000000001e-07,0.0414,-7.0,155.0,770.0,0.0005009999999999999
2022-02-28 04:07:13,9.32e-07,0.0414,-6.0,155.0,772.0,0.0005009999999999999
2022-02-28 04:08:14,9.31e-07,0.0414,-7.0,155.0,771.0,0.0005009999999999999
2022-02-28 04:09:14,9.31e-07,0.0414,-7.0,155.0,772.0,0.0005009999999999999
2022-02-28 04:10:15,9.279999999999999e-07,0.0414,-7.0,155.0,772.0,0.0005009999999999999
2022-02-28 04:11:16,9.279999999999999e-07,0.0415,-7.0,155.0,772.0,0.0005009999999999999
2022-02-28 04:12:16,9.279999999999999e-07,0.0415,-7.0,155.0,772.0,0.0005009999999999999
2022-02-28 04:13:17,9.27e-07,0.0414,-7.0,155.0,772.0,0.0005009999999999999
2022-02-28 04:14:18,9.27e-07,0.0415,-6.0,155.0,772.0,0.0005009999999999999
2022-02-28 04:15:19,9.259999999999999e-07,0.0415,-7.0,155.0,772.0,0.0005009999999999999
2022-02-28 04:16:19,9.27e-07,0.0415,-7.0,154.0,772.0,0.0005009999999999999
2022-02-28 04:17:20,9.259999999999999e-07,0.0415,-7.0,155.0,772.0,0.0005009999999999999
2022-02-28 04:18:21,9.259999999999999e-07,0.0415,-7.0,155.0,772.0,0.0005009999999999999
2022-02-28 04:19:21,9.25e-07,0.0415,-7.0,154.0,772.0,0.0005009999999999999
2022-02-28 04:20:22,9.259999999999999e-07,0.0415,-7.0,155.0,771.0,0.0005009999999999999
2022-02-28 04:21:22,9.259999999999999e-07,0.0415,-7.0,155.0,772.0,0.0005009999999999999
2022-02-28 04:22:23,9.25e-07,0.0415,-7.0,155.0,772.0,0.0005009999999999999
2022-02-28 04:23:24,9.25e-07,0.0415,-7.0,155.0,771.0,0.0005009999999999999
2022-02-28 04:24:25,9.240000000000001e-07,0.0415,-7.0,155.0,772.0,0.0005009999999999999
2022-02-28 04:25:25,9.240000000000001e-07,0.0415,-7.0,155.0,773.0,0.0005009999999999999
2022-02-28 04:26:26,9.340000000000001e-07,0.0415,-6.0,155.0,772.0,0.0005009999999999999
2022-02-28 04:27:27,9.259999999999999e-07,0.0415,-7.0,155.0,772.0,0.0005009999999999999
2022-02-28 04:28:28,9.240000000000001e-07,0.0415,-7.0,155.0,772.0,0.0005009999999999999
2022-02-28 04:29:28,9.240000000000001e-07,0.0415,-7.0,155.0,771.0,0.0005009999999999999
2022-02-28 04:30:29,9.21e-07,0.0415,-7.0,155.0,772.0,0.0005009999999999999
2022-02-28 04:31:29,9.21e-07,0.0415,-7.0,155.0,772.0,0.0005009999999999999
2022-02-28 04:32:30,9.179999999999999e-07,0.0415,-7.0,155.0,772.0,0.0005009999999999999
2022-02-28 04:33:31,9.19e-07,0.0415,-7.0,155.0,772.0,0.0005009999999999999
2022-02-28 04:34:32,9.21e-07,0.0415,-7.0,155.0,772.0,0.0005009999999999999
2022-02-28 04:35:32,9.179999999999999e-07,0.0414,-7.0,155.0,772.0,0.0005009999999999999
2022-02-28 04:36:33,9.170000000000001e-07,0.0415,-7.0,154.0,772.0,0.0005009999999999999
2022-02-28 04:37:34,9.159999999999999e-07,0.0415,-7.0,155.0,772.0,0.0005009999999999999
2022-02-28 04:38:34,9.159999999999999e-07,0.0415,-7.0,154.0,772.0,0.0005009999999999999
2022-02-28 04:39:35,9.15e-07,0.0415,-7.0,155.0,772.0,0.0005009999999999999
2022-02-28 04:40:36,9.15e-07,0.0415,-7.0,155.0,772.0,0.0005009999999999999
2022-02-28 04:41:36,9.13e-07,0.0415,-7.0,154.0,772.0,0.0005009999999999999
2022-02-28 04:42:37,9.15e-07,0.0415,-7.0,154.0,772.0,0.0005009999999999999
2022-02-28 04:43:38,9.140000000000001e-07,0.0415,-7.0,154.0,772.0,0.0005009999999999999
2022-02-28 04:44:39,9.140000000000001e-07,0.0415,-6.0,155.0,772.0,0.0005009999999999999
2022-02-28 04:45:39,9.109999999999999e-07,0.0415,-7.0,155.0,772.0,0.0005009999999999999
2022-02-28 04:46:40,9.12e-07,0.0415,-7.0,154.0,773.0,0.0005009999999999999
2022-02-28 04:47:41,9.1e-07,0.0415,-6.0,155.0,772.0,0.0005009999999999999
2022-02-28 04:48:41,9.079999999999999e-07,0.0415,-7.0,154.0,772.0,0.0005009999999999999
2022-02-28 04:49:42,9.109999999999999e-07,0.0415,-7.0,154.0,772.0,0.0005009999999999999
2022-02-28 04:50:43,9.079999999999999e-07,0.0415,-7.0,155.0,772.0,0.0005009999999999999
2022-02-28 04:51:43,9.1e-07,0.0415,-7.0,155.0,772.0,0.0005009999999999999
2022-02-28 04:52:44,9.070000000000001e-07,0.0415,-7.0,154.0,772.0,0.0005009999999999999
2022-02-28 04:53:45,9.05e-07,0.0416,-6.0,155.0,772.0,0.0005009999999999999
2022-02-28 04:54:46,9.06e-07,0.0415,-7.0,154.0,770.0,0.0005009999999999999
2022-02-28 04:55:46,9.070000000000001e-07,0.0416,-7.0,154.0,770.0,0.0005009999999999999
2022-02-28 04:56:47,9.05e-07,0.0416,-7.0,155.0,769.0,0.0005009999999999999
2022-02-28 04:57:47,9.04e-07,0.0415,-7.0,155.0,770.0,0.0005009999999999999
2022-02-28 04:58:48,9.070000000000001e-07,0.0415,-7.0,155.0,771.0,0.0005009999999999999
2022-02-28 04:59:49,9.04e-07,0.0416,-7.0,155.0,771.0,0.0005009999999999999
2022-02-28 05:00:50,9.04e-07,0.0416,-7.0,155.0,771.0,0.0005009999999999999
2022-02-28 05:01:50,9.03e-07,0.0415,-7.0,155.0,770.0,0.0005009999999999999
2022-02-28 05:02:51,9.02e-07,0.0416,-7.0,154.0,770.0,0.0005009999999999999
2022-02-28 05:03:52,9.03e-07,0.0415,-7.0,155.0,770.0,0.0005009999999999999
2022-02-28 05:04:53,9e-07,0.0416,-7.0,155.0,771.0,0.0005009999999999999
2022-02-28 05:05:53,9.02e-07,0.0416,-7.0,154.0,770.0,0.0005009999999999999
2022-02-28 05:06:54,8.990000000000001e-07,0.0416,-7.0,154.0,770.0,0.0005009999999999999
2022-02-28 05:07:55,8.990000000000001e-07,0.0416,-7.0,154.0,770.0,0.0005009999999999999
2022-02-28 05:08:55,8.990000000000001e-07,0.0416,-7.0,154.0,770.0,0.0005009999999999999
2022-02-28 05:09:56,8.990000000000001e-07,0.0416,-7.0,154.0,770.0,0.0005009999999999999
2022-02-28 05:10:57,8.990000000000001e-07,0.0416,-7.0,154.0,771.0,0.0005009999999999999
2022-02-28 05:11:57,8.990000000000001e-07,0.0416,-7.0,155.0,771.0,0.0005009999999999999
2022-02-28 05:12:58,8.98e-07,0.0417,-7.0,154.0,771.0,0.0005009999999999999
2022-02-28 05:13:59,8.97e-07,0.0417,-7.0,154.0,771.0,0.0005009999999999999
2022-02-28 05:14:59,8.95e-07,0.0416,-7.0,154.0,770.0,0.0005009999999999999
2022-02-28 05:16:00,8.93e-07,0.0417,-7.0,154.0,770.0,0.0005009999999999999
2022-02-28 05:17:01,8.94e-07,0.0417,-7.0,154.0,771.0,0.0005009999999999999
2022-02-28 05:18:01,8.92e-07,0.0416,-7.0,155.0,770.0,0.0005009999999999999
2022-02-28 05:19:02,8.93e-07,0.0417,-7.0,154.0,771.0,0.0005009999999999999
2022-02-28 05:20:03,8.92e-07,0.0417,-7.0,154.0,771.0,0.0005009999999999999
2022-02-28 05:21:03,8.909999999999999e-07,0.0417,-7.0,154.0,770.0,0.0005009999999999999
2022-02-28 05:22:04,8.9e-07,0.0417,-7.0,154.0,770.0,0.0005009999999999999
2022-02-28 05:23:05,8.9e-07,0.0418,-7.0,154.0,770.0,0.0005009999999999999
2022-02-28 05:24:06,8.9e-07,0.0417,-7.0,154.0,770.0,0.0005009999999999999
2022-02-28 05:25:06,8.890000000000001e-07,0.0418,-7.0,154.0,770.0,0.0005009999999999999
2022-02-28 05:26:07,8.890000000000001e-07,0.0417,-7.0,154.0,769.0,0.0005009999999999999
2022-02-28 05:27:08,8.890000000000001e-07,0.0418,-7.0,154.0,770.0,0.0005009999999999999
2022-02-28 05:28:09,8.890000000000001e-07,0.0418,-7.0,154.0,772.0,0.0005009999999999999
2022-02-28 05:29:10,8.88e-07,0.0418,-7.0,155.0,771.0,0.0005009999999999999
2022-02-28 05:30:10,8.88e-07,0.0418,-7.0,154.0,771.0,0.0005009999999999999
2022-02-28 05:31:11,8.87e-07,0.0418,-7.0,154.0,770.0,0.0005009999999999999
2022-02-28 05:32:11,8.85e-07,0.0418,-7.0,154.0,771.0,0.0005009999999999999
2022-02-28 05:33:12,8.85e-07,0.0418,-7.0,154.0,771.0,0.0005009999999999999
2022-02-28 05:34:13,8.85e-07,0.0418,-7.0,154.0,772.0,0.0005009999999999999
2022-02-28 05:35:13,8.84e-07,0.0418,-7.0,155.0,772.0,0.0005009999999999999
2022-02-28 05:36:14,8.85e-07,0.0418,-7.0,154.0,771.0,0.0005009999999999999
2022-02-28 05:37:15,8.84e-07,0.0419,-7.0,155.0,772.0,0.0005009999999999999
2022-02-28 05:38:15,8.84e-07,0.0418,-7.0,154.0,771.0,0.0005009999999999999
2022-02-28 05:39:16,8.83e-07,0.0418,-7.0,154.0,770.0,0.0005009999999999999
2022-02-28 05:40:17,8.83e-07,0.0419,-7.0,154.0,770.0,0.0005009999999999999
2022-02-28 05:41:18,8.82e-07,0.0418,-7.0,154.0,770.0,0.0005009999999999999
2022-02-28 05:42:18,8.82e-07,0.0419,-7.0,154.0,770.0,0.0005009999999999999
2022-02-28 05:43:19,8.8e-07,0.0418,-7.0,154.0,770.0,0.0005009999999999999
2022-02-28 05:44:20,8.8e-07,0.0418,-7.0,154.0,770.0,0.0005009999999999999
2022-02-28 05:45:21,8.8e-07,0.0419,-7.0,154.0,772.0,0.0005009999999999999
2022-02-28 05:46:21,8.8e-07,0.0418,-7.0,154.0,770.0,0.0005009999999999999
2022-02-28 05:47:22,8.790000000000001e-07,0.0418,-7.0,154.0,770.0,0.0005009999999999999
2022-02-28 05:48:23,8.790000000000001e-07,0.0418,-7.0,154.0,770.0,0.0005009999999999999
2022-02-28 05:49:23,8.8e-07,0.0418,-7.0,154.0,770.0,0.0005009999999999999
2022-02-28 05:50:24,8.78e-07,0.0418,-7.0,154.0,770.0,0.0005009999999999999
2022-02-28 05:51:25,8.78e-07,0.0418,-7.0,154.0,770.0,0.0005009999999999999
2022-02-28 05:52:26,8.77e-07,0.0418,-7.0,154.0,770.0,0.0005009999999999999
2022-02-28 05:53:26,8.75e-07,0.0419,-7.0,154.0,770.0,0.0005009999999999999
2022-02-28 05:54:27,8.75e-07,0.0419,-7.0,154.0,770.0,0.0005009999999999999
2022-02-28 05:55:28,8.76e-07,0.0419,-7.0,154.0,770.0,0.0005009999999999999
2022-02-28 05:56:28,8.75e-07,0.0419,-7.0,154.0,772.0,0.0005009999999999999
2022-02-28 05:57:29,8.74e-07,0.0419,-7.0,154.0,770.0,0.0005009999999999999
2022-02-28 05:58:30,8.74e-07,0.0419,-7.0,154.0,770.0,0.0005009999999999999
2022-02-28 05:59:31,8.74e-07,0.042,-7.0,154.0,770.0,0.0005009999999999999
2022-02-28 06:00:32,8.74e-07,0.042,-7.0,154.0,770.0,0.0005009999999999999
2022-02-28 06:01:33,8.729999999999999e-07,0.0419,-7.0,154.0,771.0,0.0005009999999999999
2022-02-28 06:02:33,8.720000000000001e-07,0.0419,-7.0,154.0,770.0,0.0005009999999999999
2022-02-28 06:03:34,8.729999999999999e-07,0.042,-6.0,154.0,770.0,0.0005009999999999999
2022-02-28 06:04:35,8.709999999999999e-07,0.0419,-7.0,154.0,770.0,0.0005009999999999999
2022-02-28 06:05:35,8.720000000000001e-07,0.042,-7.0,154.0,770.0,0.0005009999999999999
2022-02-28 06:06:36,8.709999999999999e-07,0.042,-7.0,155.0,769.0,0.0005009999999999999
2022-02-28 06:07:37,8.720000000000001e-07,0.042,-7.0,154.0,770.0,0.0005009999999999999
2022-02-28 06:08:38,8.720000000000001e-07,0.042,-7.0,154.0,769.0,0.0005009999999999999
2022-02-28 06:09:39,8.709999999999999e-07,0.0419,-7.0,154.0,770.0,0.0005009999999999999
2022-02-28 06:10:39,8.7e-07,0.042,-7.0,154.0,769.0,0.0005009999999999999
2022-02-28 06:11:40,8.7e-07,0.0419,-7.0,154.0,768.0,0.0005009999999999999
2022-02-28 06:12:41,8.690000000000001e-07,0.0419,-7.0,154.0,770.0,0.0005009999999999999
2022-02-28 06:13:41,8.690000000000001e-07,0.0419,-7.0,154.0,769.0,0.0005009999999999999
2022-02-28 06:14:42,8.68e-07,0.0419,-7.0,154.0,770.0,0.0005009999999999999
2022-02-28 06:15:42,8.67e-07,0.0419,-7.0,154.0,769.0,0.0005009999999999999
2022-02-28 06:16:43,8.67e-07,0.042,-7.0,154.0,769.0,0.0005009999999999999
2022-02-28 06:17:44,8.659999999999999e-07,0.042,-7.0,154.0,770.0,0.0005009999999999999
2022-02-28 06:18:44,8.68e-07,0.0419,-7.0,154.0,769.0,0.0005009999999999999
2022-02-28 06:19:45,8.65e-07,0.0419,-7.0,154.0,769.0,0.0005009999999999999
2022-02-28 06:20:46,8.659999999999999e-07,0.042,-7.0,154.0,769.0,0.0005009999999999999
2022-02-28 06:21:46,8.64e-07,0.0419,-7.0,154.0,769.0,0.0005009999999999999
2022-02-28 06:22:47,8.65e-07,0.042,-7.0,154.0,769.0,0.0005009999999999999
2022-02-28 06:23:48,8.659999999999999e-07,0.042,-7.0,154.0,769.0,0.0005009999999999999
2022-02-28 06:24:48,8.629999999999999e-07,0.042,-7.0,154.0,769.0,0.0005009999999999999
2022-02-28 06:25:49,8.64e-07,0.042,-7.0,154.0,769.0,0.0005009999999999999
2022-02-28 06:26:50,8.65e-07,0.042,-7.0,154.0,769.0,0.0005009999999999999
2022-02-28 06:27:50,8.620000000000001e-07,0.042,-7.0,154.0,769.0,0.0005009999999999999
2022-02-28 06:28:51,8.64e-07,0.042,-7.0,154.0,770.0,0.0005009999999999999
2022-02-28 06:29:52,8.629999999999999e-07,0.042,-7.0,154.0,769.0,0.0005009999999999999
2022-02-28 06:30:52,8.64e-07,0.042,-7.0,154.0,769.0,0.0005009999999999999
2022-02-28 06:31:53,8.590000000000001e-07,0.042,-7.0,155.0,769.0,0.0005009999999999999
2022-02-28 06:32:54,8.590000000000001e-07,0.042,-7.0,154.0,769.0,0.0005009999999999999
2022-02-28 06:33:55,8.590000000000001e-07,0.042,-7.0,154.0,769.0,0.0005009999999999999
2022-02-28 06:34:55,8.58e-07,0.042,-7.0,154.0,770.0,0.0005009999999999999
2022-02-28 06:35:56,8.590000000000001e-07,0.042,-7.0,154.0,769.0,0.0005009999999999999
2022-02-28 06:36:57,8.6e-07,0.042,-7.0,154.0,770.0,0.0005009999999999999
2022-02-28 06:37:57,8.58e-07,0.042,-7.0,154.0,769.0,0.0005009999999999999
2022-02-28 06:38:58,8.559999999999999e-07,0.042,-7.0,154.0,769.0,0.0005009999999999999
2022-02-28 06:39:59,8.559999999999999e-07,0.0421,-7.0,154.0,769.0,0.0005009999999999999
2022-02-28 06:41:00,8.590000000000001e-07,0.0421,-7.0,154.0,769.0,0.0005009999999999999
2022-02-28 06:42:00,8.540000000000001e-07,0.042,-7.0,154.0,769.0,0.0005009999999999999
2022-02-28 06:43:01,8.559999999999999e-07,0.0421,-7.0,154.0,769.0,0.0005009999999999999
2022-02-28 06:44:02,8.559999999999999e-07,0.042,-7.0,154.0,769.0,0.0005009999999999999
2022-02-28 06:45:03,8.559999999999999e-07,0.0422,-7.0,154.0,769.0,0.0005009999999999999
2022-02-28 06:46:03,8.559999999999999e-07,0.0421,-7.0,154.0,769.0,0.0005009999999999999
2022-02-28 06:47:04,8.540000000000001e-07,0.0422,-7.0,154.0,769.0,0.0005009999999999999
2022-02-28 06:48:05,8.540000000000001e-07,0.0421,-7.0,154.0,770.0,0.0005009999999999999
2022-02-28 06:49:06,8.529999999999999e-07,0.0422,-7.0,154.0,769.0,0.0005009999999999999
2022-02-28 06:50:06,8.529999999999999e-07,0.0422,-7.0,154.0,769.0,0.0005009999999999999
2022-02-28 06:51:07,8.540000000000001e-07,0.0422,-7.0,154.0,769.0,0.0005009999999999999
2022-02-28 06:52:08,8.51e-07,0.0422,-7.0,154.0,769.0,0.0005009999999999999
2022-02-28 06:53:09,8.51e-07,0.0422,-7.0,154.0,769.0,0.0005009999999999999
2022-02-28 06:54:10,8.520000000000001e-07,0.0422,-7.0,154.0,769.0,0.0005009999999999999
2022-02-28 06:55:10,8.51e-07,0.0422,-7.0,154.0,769.0,0.0005009999999999999
2022-02-28 06:56:11,8.51e-07,0.0423,-7.0,154.0,770.0,0.0005009999999999999
2022-02-28 06:57:12,8.529999999999999e-07,0.0422,-7.0,154.0,770.0,0.0005009999999999999
2022-02-28 06:58:12,8.49e-07,0.0422,-7.0,154.0,769.0,0.0005009999999999999
2022-02-28 06:59:13,8.49e-07,0.0422,-7.0,154.0,769.0,0.0005009999999999999
2022-02-28 07:00:14,8.48e-07,0.0422,-7.0,154.0,769.0,0.0005009999999999999
2022-02-28 07:01:14,8.49e-07,0.0422,-7.0,154.0,770.0,0.0005009999999999999
2022-02-28 07:02:15,8.49e-07,0.0422,-7.0,154.0,770.0,0.0005009999999999999
2022-02-28 07:03:16,8.48e-07,0.0422,-7.0,154.0,769.0,0.0005009999999999999
2022-02-28 07:04:17,8.49e-07,0.0423,-7.0,154.0,769.0,0.0005009999999999999
2022-02-28 07:05:17,8.48e-07,0.0423,-7.0,154.0,770.0,0.0005009999999999999
2022-02-28 07:06:18,8.47e-07,0.0423,-7.0,154.0,769.0,0.0005009999999999999
2022-02-28 07:07:19,8.47e-07,0.0423,-7.0,154.0,770.0,0.0005009999999999999
2022-02-28 07:08:20,8.47e-07,0.0423,-7.0,154.0,770.0,0.0005009999999999999
2022-02-28 07:09:20,8.47e-07,0.0423,-7.0,154.0,770.0,0.0005009999999999999
2022-02-28 07:10:21,8.48e-07,0.0423,-7.0,154.0,770.0,0.0005009999999999999
2022-02-28 07:11:22,8.47e-07,0.0422,-7.0,154.0,768.0,0.0005009999999999999
2022-02-28 07:12:22,8.47e-07,0.0423,-7.0,154.0,769.0,0.0005009999999999999
2022-02-28 07:13:23,8.459999999999999e-07,0.0423,-7.0,154.0,769.0,0.0005009999999999999
2022-02-28 07:14:24,8.459999999999999e-07,0.0423,-7.0,154.0,769.0,0.0005009999999999999
2022-02-28 07:15:24,8.459999999999999e-07,0.0422,-7.0,154.0,769.0,0.0005009999999999999
2022-02-28 07:16:25,8.45e-07,0.0423,-7.0,154.0,770.0,0.0005009999999999999
2022-02-28 07:17:26,8.43e-07,0.0423,-7.0,154.0,770.0,0.0005009999999999999
2022-02-28 07:18:27,8.43e-07,0.0422,-7.0,154.0,769.0,0.0005009999999999999
2022-02-28 07:19:28,8.559999999999999e-07,0.0423,-7.0,154.0,769.0,0.0005009999999999999
2022-02-28 07:20:28,8.48e-07,0.0423,-7.0,154.0,769.0,0.0005009999999999999
2022-02-28 07:21:29,8.48e-07,0.0423,-7.0,154.0,769.0,0.0005009999999999999
2022-02-28 07:22:29,8.45e-07,0.0423,-7.0,154.0,769.0,0.0005009999999999999
2022-02-28 07:23:30,8.45e-07,0.0423,-7.0,154.0,769.0,0.0005009999999999999
2022-02-28 07:24:31,8.43e-07,0.0423,-7.0,154.0,769.0,0.0005009999999999999
2022-02-28 07:25:31,8.440000000000001e-07,0.0423,-7.0,154.0,770.0,0.0005009999999999999
2022-02-28 07:26:32,8.41e-07,0.0423,-7.0,154.0,770.0,0.0005009999999999999
2022-02-28 07:27:33,8.41e-07,0.0423,-7.0,154.0,769.0,0.0005009999999999999
2022-02-28 07:28:33,8.42e-07,0.0422,-7.0,154.0,768.0,0.0005009999999999999
2022-02-28 07:29:34,8.4e-07,0.0422,-7.0,154.0,768.0,0.0005009999999999999
2022-02-28 07:30:35,8.4e-07,0.0423,-7.0,154.0,769.0,0.0005009999999999999
2022-02-28 07:31:35,8.4e-07,0.0423,-7.0,154.0,769.0,0.0005009999999999999
2022-02-28 07:32:36,8.41e-07,0.0423,-7.0,154.0,769.0,0.0005009999999999999
2022-02-28 07:33:37,8.42e-07,0.0423,-7.0,154.0,769.0,0.0005009999999999999
2022-02-28 07:34:37,8.4e-07,0.0422,-7.0,154.0,769.0,0.0005009999999999999
2022-02-28 07:35:38,8.39e-07,0.0423,-7.0,154.0,770.0,0.0005009999999999999
2022-02-28 07:36:38,8.4e-07,0.0423,-7.0,154.0,769.0,0.0005009999999999999
2022-02-28 07:37:39,8.38e-07,0.0423,-7.0,154.0,769.0,0.0005009999999999999
2022-02-28 07:38:40,8.41e-07,0.0423,-7.0,154.0,769.0,0.0005009999999999999
2022-02-28 07:39:40,8.39e-07,0.0423,-7.0,154.0,769.0,0.0005009999999999999
2022-02-28 07:40:41,8.4e-07,0.0423,-7.0,154.0,768.0,0.0005009999999999999
2022-02-28 07:41:41,8.38e-07,0.0423,-7.0,154.0,770.0,0.0005009999999999999
2022-02-28 07:42:42,8.39e-07,0.0423,-7.0,154.0,769.0,0.0005009999999999999
2022-02-28 07:43:43,8.37e-07,0.0423,-7.0,154.0,770.0,0.0005009999999999999
2022-02-28 07:44:44,8.38e-07,0.0423,-7.0,154.0,769.0,0.0005009999999999999
2022-02-28 07:45:44,8.38e-07,0.0423,-7.0,154.0,769.0,0.0005009999999999999
2022-02-28 07:46:45,8.359999999999999e-07,0.0423,-7.0,154.0,769.0,0.0005009999999999999
2022-02-28 07:47:46,8.45e-07,0.0423,-7.0,154.0,770.0,0.0005009999999999999
2022-02-28 07:48:46,1.18e-06,0.0423,-7.0,154.0,769.0,0.0005009999999999999
2022-02-28 07:49:47,8.359999999999999e-07,0.0423,-7.0,154.0,770.0,0.0005009999999999999
2022-02-28 07:50:47,8.32e-07,0.0423,-7.0,154.0,769.0,0.0005009999999999999
2022-02-28 07:51:48,8.3e-07,0.0424,-7.0,154.0,768.0,0.0005009999999999999
2022-02-28 07:52:49,8.259999999999999e-07,0.0423,-7.0,154.0,768.0,0.0005009999999999999
2022-02-28 07:53:49,8.25e-07,0.0424,-7.0,154.0,770.0,0.0005009999999999999
2022-02-28 07:54:50,8.259999999999999e-07,0.0424,-7.0,154.0,771.0,0.0005009999999999999
2022-02-28 07:55:51,8.25e-07,0.0423,-7.0,154.0,769.0,0.0005009999999999999
2022-02-28 07:56:51,8.25e-07,0.0424,-7.0,154.0,770.0,0.0005009999999999999
2022-02-28 07:57:52,8.25e-07,0.0424,-7.0,154.0,769.0,0.0005009999999999999
2022-02-28 07:58:53,8.25e-07,0.0424,-7.0,154.0,769.0,0.0005009999999999999
2022-02-28 07:59:53,8.240000000000001e-07,0.0425,-7.0,154.0,769.0,0.0005009999999999999
2022-02-28 08:00:54,8.240000000000001e-07,0.0425,-7.0,154.0,769.0,0.0005009999999999999
2022-02-28 08:01:55,8.240000000000001e-07,0.0425,-7.0,154.0,769.0,0.0005009999999999999
2022-02-28 08:02:56,8.23e-07,0.0425,-7.0,154.0,770.0,0.0005009999999999999
2022-02-28 08:03:56,8.23e-07,0.0425,-7.0,154.0,770.0,0.0005009999999999999
2022-02-28 08:04:57,8.240000000000001e-07,0.0425,-7.0,154.0,769.0,0.0005009999999999999
2022-02-28 08:05:58,8.240000000000001e-07,0.0425,-7.0,154.0,769.0,0.0005009999999999999
2022-02-28 08:06:58,8.240000000000001e-07,0.0425,-7.0,154.0,768.0,0.0005009999999999999
2022-02-28 08:07:59,8.240000000000001e-07,0.0425,-7.0,154.0,769.0,0.0005009999999999999
2022-02-28 08:09:00,8.240000000000001e-07,0.0425,-7.0,154.0,768.0,0.0005009999999999999
2022-02-28 08:10:01,8.22e-07,0.0426,-7.0,154.0,770.0,0.0005009999999999999
2022-02-28 08:11:01,8.22e-07,0.0425,-7.0,154.0,769.0,0.0005009999999999999
2022-02-28 08:12:02,8.240000000000001e-07,0.0425,-7.0,154.0,769.0,0.0005009999999999999
2022-02-28 08:13:02,8.240000000000001e-07,0.0425,-7.0,154.0,770.0,0.0005009999999999999
2022-02-28 08:14:03,8.22e-07,0.0426,-7.0,154.0,768.0,0.0005009999999999999
2022-02-28 08:15:04,8.23e-07,0.0425,-7.0,154.0,770.0,0.0005009999999999999
2022-02-28 08:16:04,8.240000000000001e-07,0.0425,-7.0,154.0,768.0,0.0005009999999999999
2022-02-28 08:17:05,8.240000000000001e-07,0.0426,-7.0,154.0,770.0,0.0005009999999999999
2022-02-28 08:18:06,8.22e-07,0.0426,-7.0,154.0,769.0,0.0005009999999999999
2022-02-28 08:19:06,8.23e-07,0.0426,-7.0,154.0,769.0,0.0005009999999999999
2022-02-28 08:20:07,8.23e-07,0.0425,-7.0,154.0,769.0,0.0005009999999999999
2022-02-28 08:21:08,8.29e-07,0.0426,-7.0,154.0,770.0,0.0005009999999999999
2022-02-28 08:22:09,8.240000000000001e-07,0.0426,-7.0,154.0,769.0,0.0005009999999999999
2022-02-28 08:23:09,8.240000000000001e-07,0.0426,-7.0,154.0,769.0,0.0005009999999999999
2022-02-28 08:24:10,8.23e-07,0.0426,-7.0,154.0,769.0,0.0005009999999999999
2022-02-28 08:25:11,8.23e-07,0.0426,-7.0,154.0,769.0,0.0005009999999999999
2022-02-28 08:26:11,8.240000000000001e-07,0.0426,-7.0,154.0,769.0,0.0005009999999999999
2022-02-28 08:27:12,8.240000000000001e-07,0.0426,-7.0,154.0,770.0,0.0005009999999999999
2022-02-28 08:28:13,8.240000000000001e-07,0.0426,-7.0,154.0,770.0,0.0005009999999999999
2022-02-28 08:29:14,8.240000000000001e-07,0.0426,-7.0,154.0,769.0,0.0005009999999999999
2022-02-28 08:30:14,8.240000000000001e-07,0.0426,-7.0,154.0,769.0,0.0005009999999999999
2022-02-28 08:31:15,8.25e-07,0.0426,-7.0,154.0,769.0,0.0005009999999999999
2022-02-28 08:32:16,8.25e-07,0.0426,-7.0,154.0,769.0,0.0005009999999999999
2022-02-28 08:33:17,8.25e-07,0.0427,-7.0,154.0,769.0,0.0005009999999999999
2022-02-28 08:34:17,8.29e-07,0.0426,-7.0,154.0,769.0,0.0005009999999999999
2022-02-28 08:35:18,8.25e-07,0.0426,-7.0,154.0,769.0,0.0005009999999999999
2022-02-28 08:36:18,8.25e-07,0.0426,-7.0,154.0,769.0,0.0005009999999999999
2022-02-28 08:37:19,8.27e-07,0.0426,-7.0,154.0,769.0,0.0005009999999999999
2022-02-28 08:38:20,8.29e-07,0.0426,-7.0,154.0,770.0,0.0005009999999999999
2022-02-28 08:39:20,8.3e-07,0.0427,-7.0,154.0,770.0,0.0005009999999999999
2022-02-28 08:40:21,8.27e-07,0.0427,-7.0,154.0,769.0,0.0005009999999999999
2022-02-28 08:41:21,8.28e-07,0.0426,-7.0,154.0,769.0,0.0005009999999999999
2022-02-28 08:42:22,8.3e-07,0.0426,-7.0,154.0,769.0,0.0005009999999999999
2022-02-28 08:43:22,8.28e-07,0.0426,-7.0,154.0,770.0,0.0005009999999999999
2022-02-28 08:44:23,8.29e-07,0.0426,-7.0,154.0,771.0,0.0005009999999999999
2022-02-28 08:45:24,8.29e-07,0.0426,-7.0,154.0,769.0,0.0005009999999999999
2022-02-28 08:46:24,8.3e-07,0.0426,-7.0,154.0,769.0,0.0005009999999999999
2022-02-28 08:47:25,8.3e-07,0.0426,-6.0,154.0,770.0,0.0005009999999999999
2022-02-28 08:48:26,8.31e-07,0.0426,-7.0,154.0,768.0,0.0005009999999999999
2022-02-28 08:49:26,8.32e-07,0.0426,-7.0,154.0,769.0,0.0005009999999999999
2022-02-28 08:50:27,8.31e-07,0.0426,-7.0,154.0,769.0,0.0005009999999999999
2022-02-28 08:51:28,8.31e-07,0.0427,-7.0,154.0,769.0,0.0005009999999999999
2022-02-28 08:52:29,8.32e-07,0.0427,-7.0,154.0,769.0,0.0005009999999999999
2022-02-28 08:53:29,8.32e-07,0.0427,-7.0,154.0,769.0,0.0005009999999999999
2022-02-28 08:54:30,8.33e-07,0.0427,-7.0,154.0,769.0,0.0005009999999999999
2022-02-28 08:55:31,8.340000000000001e-07,0.0427,-7.0,154.0,769.0,0.0005009999999999999
2022-02-28 08:56:31,8.35e-07,0.0428,-7.0,154.0,770.0,0.0005009999999999999
2022-02-28 08:57:32,8.340000000000001e-07,0.0427,-7.0,154.0,769.0,0.0005009999999999999
2022-02-28 08:58:33,8.37e-07,0.0428,-7.0,154.0,769.0,0.0005009999999999999
2022-02-28 08:59:34,8.35e-07,0.0428,-7.0,154.0,770.0,0.0005009999999999999
2022-02-28 09:00:34,8.37e-07,0.0427,-7.0,154.0,770.0,0.0005009999999999999
2022-02-28 09:01:35,8.39e-07,0.0428,-7.0,154.0,770.0,0.0005009999999999999
2022-02-28 09:02:36,8.38e-07,0.0428,-7.0,154.0,771.0,0.0005009999999999999
2022-02-28 09:03:36,8.39e-07,0.0428,-7.0,154.0,770.0,0.0005009999999999999
2022-02-28 09:04:37,8.39e-07,0.0428,-7.0,154.0,770.0,0.0005009999999999999
2022-02-28 09:05:38,8.41e-07,0.0428,-7.0,154.0,771.0,0.0005009999999999999
2022-02-28 09:06:38,8.42e-07,0.0429,-7.0,154.0,771.0,0.0005009999999999999
2022-02-28 09:07:39,8.43e-07,0.0429,-7.0,154.0,771.0,0.0005009999999999999
2022-02-28 09:08:40,8.43e-07,0.0429,-7.0,154.0,770.0,0.0005009999999999999
2022-02-28 09:09:41,8.440000000000001e-07,0.0429,-7.0,154.0,772.0,0.0005009999999999999
2022-02-28 09:10:41,8.440000000000001e-07,0.0429,-7.0,154.0,771.0,0.0005009999999999999
2022-02-28 09:11:42,8.459999999999999e-07,0.0429,-7.0,154.0,771.0,0.0005009999999999999
2022-02-28 09:12:42,8.47e-07,0.0429,-7.0,154.0,770.0,0.0005009999999999999
2022-02-28 09:13:43,8.47e-07,0.0429,-7.0,154.0,772.0,0.0005009999999999999
2022-02-28 09:14:44,8.48e-07,0.0429,-7.0,154.0,770.0,0.0005009999999999999
2022-02-28 09:15:45,8.49e-07,0.0429,-7.0,154.0,770.0,0.0005009999999999999
2022-02-28 09:16:45,8.49e-07,0.0429,-7.0,154.0,772.0,0.0005009999999999999
2022-02-28 09:17:46,8.51e-07,0.043,-7.0,154.0,770.0,0.0005009999999999999
2022-02-28 09:18:46,8.5e-07,0.043,-7.0,155.0,771.0,0.0005009999999999999
2022-02-28 09:19:47,8.520000000000001e-07,0.0429,-7.0,154.0,772.0,0.0005009999999999999
2022-02-28 09:20:48,8.520000000000001e-07,0.043,-7.0,155.0,770.0,0.0005009999999999999
2022-02-28 09:21:49,8.540000000000001e-07,0.043,-7.0,154.0,771.0,0.0005009999999999999
2022-02-28 09:22:49,8.540000000000001e-07,0.043,-7.0,155.0,771.0,0.0005009999999999999
2022-02-28 09:23:50,8.559999999999999e-07,0.043,-7.0,155.0,771.0,0.0005009999999999999
2022-02-28 09:24:51,8.559999999999999e-07,0.043,-7.0,154.0,770.0,0.0005009999999999999
2022-02-28 09:25:52,8.58e-07,0.043,-7.0,154.0,771.0,0.0005009999999999999
2022-02-28 09:26:53,8.58e-07,0.043,-7.0,154.0,771.0,0.0005009999999999999
2022-02-28 09:27:53,8.58e-07,0.043,-7.0,155.0,770.0,0.0005009999999999999
2022-02-28 09:28:54,8.590000000000001e-07,0.043,-7.0,154.0,771.0,0.0005009999999999999
2022-02-28 09:29:55,8.590000000000001e-07,0.043,-7.0,154.0,770.0,0.0005009999999999999
2022-02-28 09:30:55,8.620000000000001e-07,0.043,-7.0,154.0,772.0,0.0005009999999999999
2022-02-28 09:31:56,8.6e-07,0.043,-7.0,154.0,770.0,0.0005009999999999999
2022-02-28 09:32:56,8.620000000000001e-07,0.043,-7.0,155.0,772.0,0.0005009999999999999
2022-02-28 09:33:57,8.64e-07,0.043,-7.0,154.0,771.0,0.0005009999999999999
2022-02-28 09:34:58,8.620000000000001e-07,0.043,-7.0,154.0,770.0,0.0005009999999999999
2022-02-28 09:35:59,8.65e-07,0.043,-7.0,155.0,771.0,0.0005009999999999999
2022-02-28 09:36:59,8.67e-07,0.043,-7.0,155.0,771.0,0.0005009999999999999
2022-02-28 09:38:00,8.690000000000001e-07,0.043,-7.0,155.0,772.0,0.0005009999999999999
2022-02-28 09:39:01,8.709999999999999e-07,0.043,-7.0,155.0,772.0,0.0005009999999999999
2022-02-28 09:40:02,8.729999999999999e-07,0.043,-7.0,155.0,772.0,0.0005009999999999999
2022-02-28 09:41:02,1.17e-06,0.043,-7.0,154.0,787.0,0.0005009999999999999
2022-02-28 09:42:03,1.26e-06,0.043,-7.0,154.0,786.0,0.0005009999999999999
2022-02-28 09:43:04,1.32e-06,0.043,-7.0,154.0,787.0,0.0005009999999999999
2022-02-28 09:44:04,1.36e-06,0.043,-7.0,154.0,787.0,0.0005009999999999999
2022-02-28 09:45:05,1.4e-06,0.0431,-7.0,154.0,787.0,0.0005009999999999999
2022-02-28 09:46:06,1.43e-06,0.00855,262.0,121.0,786.0,0.0005009999999999999
2022-02-28 09:47:06,1.45e-06,3.29,1660.0,585.0,746.0,0.0005009999999999999
2022-02-28 09:48:07,1.48e-06,7.97,1230.0,180.0,746.0,0.0005009999999999999
2022-02-28 09:49:08,1.5e-06,8.32,974.0,163.0,747.0,0.0005009999999999999
2022-02-28 09:50:09,1.51e-06,8.21,1740.0,601.0,723.0,0.0005009999999999999
2022-02-28 09:51:09,1.53e-06,8.04,1810.0,910.0,699.0,0.0005009999999999999
2022-02-28 09:52:10,1.54e-06,8.41,1760.0,633.0,700.0,0.0005009999999999999
2022-02-28 09:53:11,1.46e-06,8.45,1680.0,326.0,700.0,0.0005009999999999999
2022-02-28 09:54:11,1.47e-06,8.25,1790.0,712.0,679.0,0.0005009999999999999
2022-02-28 09:55:12,1.48e-06,8.3,1710.0,422.0,680.0,0.0005009999999999999
2022-02-28 09:56:12,1.49e-06,8.06,1820.0,823.0,660.0,0.0005009999999999999
2022-02-28 09:57:13,1.5e-06,8.29,1750.0,522.0,659.0,0.0005009999999999999
2022-02-28 09:58:14,1.51e-06,8.15,1800.0,709.0,640.0,0.0005009999999999999
2022-02-28 09:59:14,1.52e-06,5.58,1690.0,350.0,640.0,0.0005009999999999999
2022-02-28 10:00:15,1.53e-06,7.22,1780.0,596.0,620.0,0.0005009999999999999
2022-02-28 10:01:15,1.54e-06,8.22,1810.0,735.0,602.0,0.0005009999999999999
2022-02-28 10:02:16,1.55e-06,6.14,1710.0,364.0,602.0,0.0005009999999999999
2022-02-28 10:03:17,1.56e-06,6.97,1780.0,566.0,582.0,0.0005009999999999999
2022-02-28 10:04:17,1.57e-06,8.52,1810.0,714.0,565.0,0.0005009999999999999
2022-02-28 10:05:18,1.57e-06,6.02,1680.0,333.0,563.0,0.0005009999999999999
2022-02-28 10:06:19,1.59e-06,7.15,1770.0,493.0,547.0,0.0005009999999999999
2022-02-28 10:07:19,1.59e-06,8.02,1810.0,683.0,527.0,0.0005009999999999999
2022-02-28 10:08:20,1.6e-06,8.63,1750.0,639.0,510.0,0.0005009999999999999
2022-02-28 10:09:21,1.61e-06,6.9,1740.0,406.0,510.0,0.0005009999999999999
2022-02-28 10:10:21,1.62e-06,6.77,1780.0,540.0,493.0,0.0005009999999999999
2022-02-28 10:11:22,1.63e-06,8.56,1830.0,741.0,472.0,0.0005009999999999999
2022-02-28 10:12:22,1.64e-06,6.18,1660.0,359.0,473.0,0.0005009999999999999
2022-02-28 10:13:23,1.65e-06,7.64,1770.0,491.0,456.0,0.0005009999999999999
2022-02-28 10:14:24,1.66e-06,8.19,1790.0,583.0,439.0,0.0005009999999999999
2022-02-28 10:15:24,1.67e-06,8.61,1780.0,651.0,421.0,0.0005009999999999999
2022-02-28 10:16:25,1.68e-06,6.97,1670.0,358.0,422.0,0.0005009999999999999
2022-02-28 10:17:25,1.68e-06,7.04,1770.0,500.0,403.0,0.0005009999999999999
2022-02-28 10:18:26,1.69e-06,8.78,1800.0,602.0,386.0,0.0005009999999999999
2022-02-28 10:19:26,1.71e-06,8.71,1610.0,437.0,377.0,0.0005009999999999999
2022-02-28 10:20:27,1.71e-06,5.96,1680.0,381.0,367.0,0.0005009999999999999
2022-02-28 10:21:28,1.73e-06,7.68,1770.0,468.0,351.0,0.0005009999999999999
2022-02-28 10:22:29,1.73e-06,6.6,1760.0,478.0,336.0,0.0005009999999999999
2022-02-28 10:23:29,1.74e-06,7.38,1810.0,592.0,318.0,0.0005009999999999999
2022-02-28 10:24:30,1.75e-06,8.45,1720.0,530.0,304.0,0.0005009999999999999
2022-02-28 10:25:31,1.77e-06,6.68,1630.0,389.0,294.0,0.0005009999999999999
2022-02-28 10:26:32,1.77e-06,5.98,1700.0,376.0,282.0,0.0005009999999999999
2022-02-28 10:27:32,1.78e-06,6.79,1750.0,480.0,265.0,0.0005009999999999999
2022-02-28 10:28:33,1.79e-06,8.18,1810.0,640.0,245.0,0.0005009999999999999
2022-02-28 10:29:33,1.8e-06,7.41,1590.0,325.0,242.0,0.0005009999999999999
2022-02-28 10:30:34,1.81e-06,8.68,1760.0,460.0,225.0,0.0005009999999999999
2022-02-28 10:31:35,1.81e-06,8.44,1810.0,604.0,206.0,0.0005009999999999999
2022-02-28 10:32:35,1.82e-06,8.19,1540.0,329.0,202.0,0.0005009999999999999
2022-02-28 10:33:36,1.83e-06,8.64,1800.0,531.0,180.0,0.000509
2022-02-28 10:34:37,1.84e-06,8.27,1630.0,385.0,170.0,0.0005099999999999999
2022-02-28 10:35:37,1.84e-06,8.4,1790.0,573.0,146.0,0.0005200000000000001
2022-02-28 10:36:38,1.86e-06,15.5,1800.0,586.0,126.0,0.000519
2022-02-28 10:37:39,1.87e-06,7.9,1830.0,647.0,116.0,0.00053
2022-02-28 10:38:40,1.88e-06,8.67,1700.0,409.0,116.0,0.000545
2022-02-28 10:39:40,1.87e-06,7.89,1810.0,651.0,97.7,0.0005690000000000001
2022-02-28 10:40:41,1.88e-06,6.99,1550.0,304.0,97.7,0.00059
2022-02-28 10:41:42,1.9e-06,8.91,1680.0,392.0,78.8,0.000609
2022-02-28 10:42:42,1.9e-06,8.93,1710.0,419.0,63.5,0.000634
2022-02-28 10:43:43,1.9e-06,8.86,1700.0,444.0,49.4,0.0006580000000000001
2022-02-28 10:44:44,1.91e-06,8.78,1620.0,366.0,39.5,0.000672
2022-02-28 10:45:44,1.91e-06,7.93,1580.0,372.0,8.88,0.000682
2022-02-28 10:46:45,1.93e-06,8.22,1760.0,478.0,8.51,0.000682
2022-02-28 10:47:46,1.94e-06,9.21,1450.0,236.0,3.32,0.000692
2022-02-28 10:48:47,1.92e-06,5.96,1050.0,139.0,2.15,0.000692
2022-02-28 10:49:47,1.88e-06,3.49,800.0,105.0,1.38,0.0007019999999999999
2022-02-28 10:50:48,1.86e-06,2.59,481.0,101.0,2.26,0.000717
2022-02-28 10:51:49,1.85e-06,2.22,450.0,199.0,2.27,0.000742
2022-02-28 10:52:49,1.83e-06,2.56,319.0,300.0,2.27,0.000768
2022-02-28 10:53:50,1.83e-06,2.79,305.0,322.0,2.27,0.000792
2022-02-28 10:54:50,1.82e-06,2.9,314.0,330.0,2.27,0.0008210000000000001
2022-02-28 10:55:51,1.82e-06,2.58,320.0,337.0,2.27,0.000839
2022-02-28 10:56:51,1.81e-06,1.19,339.0,362.0,2.27,0.00085
2022-02-28 10:57:52,1.81e-06,0.0744,395.0,424.0,2.27,0.00085
2022-02-28 10:58:52,1.81e-06,0.0138,433.0,455.0,2.27,0.00086
2022-02-28 10:59:53,1.81e-06,0.00974,425.0,445.0,2.27,0.000863
2022-02-28 11:00:54,1.81e-06,0.0102,422.0,442.0,2.27,0.00088
2022-02-28 11:01:54,1.81e-06,0.00746,419.0,439.0,2.27,0.0008960000000000001
2022-02-28 11:02:55,1.81e-06,0.00949,416.0,434.0,2.27,0.000918
2022-02-28 11:03:56,1.81e-06,0.006809999999999999,414.0,431.0,2.27,0.000949
2022-02-28 11:04:57,1.81e-06,0.00468,437.0,449.0,2.27,0.000982
2022-02-28 11:05:57,1.8e-06,0.00589,414.0,427.0,2.27,0.001
2022-02-28 11:06:58,1.8e-06,0.107,439.0,480.0,2.27,0.00101
2022-02-28 11:07:59,1.81e-06,0.007090000000000001,453.0,466.0,2.27,0.0010199999999999999
2022-02-28 11:08:59,1.8e-06,0.0917,465.0,520.0,2.27,0.00103
2022-02-28 11:10:00,1.81e-06,0.00955,450.0,469.0,2.28,0.00103
2022-02-28 11:11:00,1.81e-06,0.0116,480.0,513.0,2.28,0.0010400000000000001
2022-02-28 11:12:01,1.81e-06,0.0109,455.0,471.0,2.27,0.00106
2022-02-28 11:13:02,1.81e-06,0.00784,464.0,479.0,2.28,0.00109
2022-02-28 11:14:03,1.81e-06,0.00847,485.0,511.0,2.27,0.00112
2022-02-28 11:15:03,1.81e-06,0.0153,453.0,475.0,2.28,0.00115
2022-02-28 11:16:04,1.82e-06,0.009859999999999999,480.0,503.0,2.28,0.00117
2022-02-28 11:17:05,1.82e-06,0.00962,478.0,496.0,2.27,0.00118
2022-02-28 11:18:05,1.83e-06,0.00913,470.0,490.0,2.28,0.00119
2022-02-28 11:19:06,1.83e-06,0.0188,457.0,485.0,2.28,0.0012
2022-02-28 11:20:07,1.83e-06,0.0189,465.0,491.0,2.28,0.0012
2022-02-28 11:21:07,1.83e-06,0.019,475.0,500.0,2.28,0.00121
2022-02-28 11:22:08,1.83e-06,0.0191,488.0,514.0,2.28,0.00124
2022-02-28 11:23:09,1.83e-06,0.0188,497.0,522.0,2.28,0.0012699999999999999
2022-02-28 11:24:09,1.83e-06,0.0188,503.0,525.0,2.28,0.0013
2022-02-28 11:25:10,1.83e-06,0.0186,503.0,524.0,2.28,0.00134
2022-02-28 11:26:11,1.83e-06,0.0183,501.0,523.0,2.28,0.0013599999999999999
2022-02-28 11:27:11,1.83e-06,0.0181,496.0,521.0,2.28,0.00137
2022-02-28 11:28:12,1.83e-06,0.0179,497.0,519.0,2.28,0.00137
2022-02-28 11:29:13,1.83e-06,0.0177,498.0,519.0,2.28,0.0013800000000000002
2022-02-28 11:30:14,1.83e-06,0.0172,490.0,515.0,2.28,0.00139
2022-02-28 11:31:14,1.83e-06,0.0168,491.0,513.0,2.27,0.00141
2022-02-28 11:32:15,1.84e-06,0.0165,491.0,511.0,2.28,0.00144
2022-02-28 11:33:16,1.84e-06,0.0161,489.0,509.0,2.28,0.00147
2022-02-28 11:34:16,1.84e-06,0.0156,487.0,506.0,2.28,0.00151
2022-02-28 11:35:17,1.84e-06,0.0153,483.0,502.0,2.28,0.00155
2022-02-28 11:36:18,1.84e-06,0.015,478.0,500.0,2.28,0.00155
2022-02-28 11:37:18,1.85e-06,0.0146,477.0,498.0,2.28,0.00155
2022-02-28 11:38:19,1.85e-06,0.0144,472.0,494.0,2.28,0.00156
2022-02-28 11:39:20,1.85e-06,0.0141,468.0,491.0,2.28,0.00157
2022-02-28 11:40:21,1.85e-06,0.014,465.0,489.0,2.28,0.00159
2022-02-28 11:41:21,1.85e-06,0.0138,464.0,487.0,2.28,0.00162
2022-02-28 11:42:22,1.85e-06,0.0138,467.0,486.0,2.28,0.0016600000000000002
2022-02-28 11:43:23,1.85e-06,0.0137,462.0,483.0,2.28,0.0017
2022-02-28 11:44:24,1.86e-06,0.0136,463.0,481.0,2.28,0.0017100000000000001
2022-02-28 11:45:25,1.86e-06,0.0135,461.0,480.0,2.28,0.00173
2022-02-28 11:46:25,1.86e-06,0.0135,457.0,479.0,2.28,0.0017399999999999998
2022-02-28 11:47:26,1.86e-06,0.0135,458.0,479.0,2.28,0.0017399999999999998
2022-02-28 11:48:26,1.86e-06,0.0134,459.0,478.0,2.28,0.00176
2022-02-28 11:49:27,1.86e-06,0.0134,460.0,478.0,2.28,0.00179
2022-02-28 11:50:28,1.86e-06,0.0134,459.0,478.0,2.28,0.00183
2022-02-28 11:51:28,1.87e-06,0.0134,457.0,477.0,2.28,0.00187
2022-02-28 11:52:29,1.87e-06,0.0134,456.0,477.0,2.28,0.0018899999999999998
2022-02-28 11:53:30,1.87e-06,0.0134,458.0,478.0,2.28,0.0019100000000000002
2022-02-28 11:54:31,1.88e-06,0.0133,454.0,477.0,2.28,0.0019199999999999998
2022-02-28 11:55:31,1.88e-06,0.0134,454.0,477.0,2.28,0.0019199999999999998
2022-02-28 11:56:32,1.87e-06,0.0134,456.0,477.0,2.28,0.0019399999999999999
2022-02-28 11:57:33,1.87e-06,0.0134,456.0,478.0,2.28,0.00197
2022-02-28 11:58:33,1.88e-06,0.0134,459.0,478.0,2.28,0.002
2022-02-28 11:59:34,1.88e-06,0.0134,458.0,477.0,2.27,0.0020399999999999997
2022-02-28 12:00:35,1.88e-06,0.0134,457.0,477.0,2.28,0.00207
2022-02-28 12:01:35,1.88e-06,0.0134,454.0,477.0,2.28,0.0020800000000000003
2022-02-28 12:02:36,1.88e-06,0.0134,457.0,477.0,2.28,0.0021
2022-02-28 12:03:36,1.88e-06,0.0134,459.0,477.0,2.28,0.0021
2022-02-28 12:04:37,1.89e-06,0.0133,455.0,476.0,2.28,0.00212
2022-02-28 12:05:37,1.88e-06,0.0134,457.0,476.0,2.28,0.00215
2022-02-28 12:06:38,1.89e-06,0.0134,458.0,477.0,2.28,0.0021899999999999997
2022-02-28 12:07:39,1.89e-06,0.0134,457.0,476.0,2.28,0.00224
2022-02-28 12:08:40,1.89e-06,0.0134,458.0,476.0,2.28,0.00225
2022-02-28 12:09:40,1.9e-06,0.0133,457.0,475.0,2.28,0.0022600000000000003
2022-02-28 12:10:41,1.89e-06,0.0134,458.0,476.0,2.28,0.00227
2022-02-28 12:11:42,1.9e-06,0.0133,453.0,475.0,2.28,0.00228
2022-02-28 12:12:42,1.9e-06,0.0134,454.0,475.0,2.28,0.00231
2022-02-28 12:13:43,1.9e-06,0.0133,453.0,476.0,2.28,0.00235
2022-02-28 12:14:44,1.9e-06,0.0134,454.0,477.0,2.28,0.0023899999999999998
2022-02-28 12:15:45,1.9e-06,0.0134,453.0,477.0,2.28,0.00243
2022-02-28 12:16:45,1.9e-06,0.0134,457.0,476.0,2.28,0.00245
2022-02-28 12:17:46,1.9e-06,0.0134,457.0,476.0,2.28,0.00244
2022-02-28 12:18:46,1.9e-06,0.0134,459.0,477.0,2.28,0.00245
2022-02-28 12:19:47,1.9e-06,0.0134,455.0,477.0,2.28,0.00247
2022-02-28 12:20:47,1.9e-06,0.0134,455.0,477.0,2.28,0.0025
2022-02-28 12:21:48,1.9e-06,0.0134,454.0,477.0,2.28,0.00255
2022-02-28 12:22:49,1.91e-06,0.0134,458.0,477.0,2.28,0.00259
2022-02-28 12:23:49,1.9e-06,0.0134,458.0,476.0,2.28,0.0026100000000000003
2022-02-28 12:24:50,1.91e-06,0.0134,453.0,477.0,2.27,0.0026100000000000003
2022-02-28 12:25:50,1.91e-06,0.0134,458.0,476.0,2.28,0.00263
2022-02-28 12:26:51,1.91e-06,0.0134,459.0,478.0,2.28,0.00264
2022-02-28 12:27:52,1.91e-06,0.0134,457.0,478.0,2.28,0.00267
2022-02-28 12:28:53,1.91e-06,0.0134,458.0,477.0,2.28,0.0027199999999999998
2022-02-28 12:29:53,1.91e-06,0.0135,458.0,477.0,2.28,0.0027600000000000003
2022-02-28 12:30:54,1.91e-06,0.0134,458.0,477.0,2.28,0.00279
2022-02-28 12:31:55,1.92e-06,0.0134,457.0,478.0,2.28,0.0028
2022-02-28 12:32:55,1.92e-06,0.0134,456.0,477.0,2.28,0.00281
2022-02-28 12:33:56,1.92e-06,0.0134,456.0,477.0,2.28,0.00282
2022-02-28 12:34:57,1.92e-06,0.0134,460.0,478.0,2.28,0.00285
2022-02-28 12:35:58,1.92e-06,0.0135,455.0,479.0,2.28,0.0029
2022-02-28 12:36:58,1.92e-06,0.0135,458.0,479.0,2.28,0.00295
2022-02-28 12:37:59,1.92e-06,0.0134,457.0,478.0,2.28,0.00297
2022-02-28 12:39:00,1.92e-06,0.0135,458.0,479.0,2.28,0.00298
2022-02-28 12:40:00,1.92e-06,0.0135,460.0,480.0,2.28,0.003
2022-02-28 12:41:01,1.92e-06,0.0135,461.0,479.0,2.28,0.00301
2022-02-28 12:42:02,1.92e-06,0.0135,459.0,479.0,2.28,0.00305
2022-02-28 12:43:02,1.92e-06,0.0135,457.0,479.0,2.28,0.00309
2022-02-28 12:44:03,1.92e-06,0.0134,460.0,479.0,2.28,0.00314
2022-02-28 12:45:04,1.92e-06,0.0135,461.0,479.0,2.28,0.00316
2022-02-28 12:46:05,1.92e-06,0.0135,460.0,479.0,2.28,0.00317
2022-02-28 12:47:05,1.92e-06,0.0135,459.0,479.0,2.28,0.00318
2022-02-28 12:48:06,1.92e-06,0.0135,457.0,480.0,2.28,0.0032
2022-02-28 12:49:07,1.92e-06,0.0135,457.0,479.0,2.28,0.00323
2022-02-28 12:50:08,1.92e-06,0.0135,457.0,479.0,2.28,0.00328
2022-02-28 12:51:08,1.92e-06,0.0135,457.0,479.0,2.28,0.0033299999999999996
2022-02-28 12:52:09,1.93e-06,0.0134,456.0,479.0,2.28,0.00336
2022-02-28 12:53:10,1.93e-06,0.0134,455.0,478.0,2.28,0.00336
2022-02-28 12:54:10,1.92e-06,0.0135,455.0,479.0,2.28,0.00337
2022-02-28 12:55:11,1.92e-06,0.0135,456.0,479.0,2.28,0.00339
2022-02-28 12:56:12,1.93e-06,0.0135,461.0,480.0,2.28,0.00343
2022-02-28 12:57:12,1.93e-06,0.0135,461.0,479.0,2.28,0.0034799999999999996
2022-02-28 12:58:13,1.93e-06,0.0135,458.0,479.0,2.28,0.00351
2022-02-28 12:59:14,1.93e-06,0.0135,456.0,479.0,2.28,0.00355
2022-02-28 13:00:14,1.93e-06,0.0135,461.0,480.0,2.28,0.00355
2022-02-28 13:01:15,1.93e-06,0.0135,461.0,480.0,2.28,0.0035700000000000003
2022-02-28 13:02:15,1.93e-06,0.0135,458.0,479.0,2.28,0.00359
2022-02-28 13:03:16,1.92e-06,0.0135,458.0,479.0,2.28,0.0036299999999999995
2022-02-28 13:04:17,1.93e-06,0.0135,457.0,479.0,2.28,0.00367
2022-02-28 13:05:18,1.92e-06,0.0135,459.0,480.0,2.28,0.00372
2022-02-28 13:06:18,1.92e-06,0.0135,461.0,480.0,2.28,0.00373
2022-02-28 13:07:19,1.92e-06,0.0135,460.0,479.0,2.28,0.00375
2022-02-28 13:08:20,1.92e-06,0.0135,461.0,480.0,2.28,0.0037600000000000003
2022-02-28 13:09:21,1.92e-06,0.0135,460.0,480.0,2.28,0.0038
2022-02-28 13:10:21,1.93e-06,0.0135,460.0,479.0,2.28,0.00386
2022-02-28 13:11:22,1.93e-06,0.0135,460.0,479.0,2.28,0.00389
2022-02-28 13:12:23,1.92e-06,0.0135,459.0,479.0,2.28,0.00392
2022-02-28 13:13:24,1.93e-06,0.0135,461.0,480.0,2.28,0.0039299999999999995
2022-02-28 13:14:24,1.92e-06,0.0135,459.0,480.0,2.28,0.00394
2022-02-28 13:15:25,1.92e-06,0.0135,456.0,480.0,2.28,0.00395
2022-02-28 13:16:26,1.93e-06,0.0135,456.0,479.0,2.28,0.00399
2022-02-28 13:17:26,1.93e-06,0.0134,456.0,478.0,2.28,0.0040100000000000005
2022-02-28 13:18:27,1.93e-06,0.0135,458.0,478.0,2.28,0.00405
2022-02-28 13:19:28,1.93e-06,0.0135,456.0,477.0,2.28,0.004070000000000001
2022-02-28 13:20:28,1.93e-06,0.0135,456.0,478.0,2.28,0.0041
2022-02-28 13:21:29,1.93e-06,0.0134,459.0,478.0,2.28,0.00412
2022-02-28 13:22:30,1.93e-06,0.0135,460.0,478.0,2.28,0.00412
2022-02-28 13:23:31,1.92e-06,0.0135,460.0,479.0,2.28,0.00414
2022-02-28 13:24:31,1.93e-06,0.0135,460.0,480.0,2.28,0.00415
2022-02-28 13:25:32,1.92e-06,0.0135,460.0,480.0,2.28,0.0042
2022-02-28 13:26:33,1.92e-06,0.0135,458.0,481.0,2.28,0.00425
2022-02-28 13:27:33,1.93e-06,0.0135,457.0,480.0,2.28,0.0043
2022-02-28 13:28:34,1.93e-06,0.0135,456.0,479.0,2.28,0.0043100000000000005
2022-02-28 13:29:35,1.93e-06,0.0135,457.0,480.0,2.28,0.00432
2022-02-28 13:30:35,1.93e-06,0.0135,459.0,480.0,2.28,0.00433
2022-02-28 13:31:36,1.93e-06,0.0135,459.0,479.0,2.28,0.004370000000000001
2022-02-28 13:32:37,1.93e-06,0.0135,456.0,479.0,2.28,0.00442
2022-02-28 13:33:38,1.93e-06,0.0135,459.0,480.0,2.28,0.00448
2022-02-28 13:34:38,1.93e-06,0.0135,459.0,480.0,2.27,0.00451
2022-02-28 13:35:39,1.93e-06,0.0134,461.0,480.0,2.28,0.00451
2022-02-28 13:36:40,1.93e-06,0.0135,460.0,478.0,2.28,0.004529999999999999
2022-02-28 13:37:40,1.93e-06,0.0135,457.0,478.0,2.28,0.00455
2022-02-28 13:38:41,1.93e-06,0.0134,457.0,478.0,2.28,0.0046
2022-02-28 13:39:42,1.93e-06,0.0135,455.0,478.0,2.28,0.00465
2022-02-28 13:40:42,1.94e-06,0.0135,456.0,479.0,2.28,0.0047
2022-02-28 13:41:43,1.93e-06,0.0134,460.0,479.0,2.28,0.00472
2022-02-28 13:42:44,1.93e-06,0.0134,461.0,479.0,2.28,0.00472
2022-02-28 13:43:44,1.93e-06,0.0135,460.0,479.0,2.28,0.00474
2022-02-28 13:44:45,1.93e-06,0.0135,458.0,479.0,2.28,0.0047799999999999995
2022-02-28 13:45:46,1.93e-06,0.0135,459.0,478.0,2.28,0.00484
2022-02-28 13:46:47,1.93e-06,0.0135,460.0,479.0,2.28,0.00489
2022-02-28 13:47:47,1.93e-06,0.0135,461.0,479.0,2.28,0.00491
2022-02-28 13:48:48,1.93e-06,0.0135,461.0,479.0,2.28,0.0049299999999999995
2022-02-28 13:49:49,1.93e-06,0.0135,456.0,479.0,2.28,0.00494
2022-02-28 13:50:49,1.93e-06,0.0135,459.0,479.0,2.28,0.0049700000000000005
2022-02-28 13:51:50,1.93e-06,0.0135,461.0,480.0,2.28,0.00504
2022-02-28 13:52:50,1.93e-06,0.0134,459.0,479.0,2.28,0.00509
2022-02-28 13:53:51,1.93e-06,0.0135,458.0,478.0,2.28,0.00512
2022-02-28 13:54:52,1.93e-06,0.0135,456.0,479.0,2.28,0.00513
2022-02-28 13:55:52,1.93e-06,0.0135,456.0,479.0,2.28,0.00514
2022-02-28 13:56:53,1.93e-06,0.0135,455.0,479.0,2.28,0.00517
2022-02-28 13:57:54,1.93e-06,0.0135,459.0,479.0,2.28,0.005220000000000001
2022-02-28 13:58:54,1.93e-06,0.0135,461.0,479.0,2.28,0.00528
2022-02-28 13:59:55,1.93e-06,0.0135,461.0,480.0,2.28,0.0053100000000000005
2022-02-28 14:00:56,1.93e-06,0.0135,461.0,480.0,2.28,0.00533
2022-02-28 14:01:56,1.93e-06,0.0135,459.0,480.0,2.28,0.00533
2022-02-28 14:02:57,1.93e-06,0.0135,457.0,479.0,2.28,0.005370000000000001
2022-02-28 14:03:58,1.93e-06,0.0135,456.0,479.0,2.28,0.00542
2022-02-28 14:04:58,1.93e-06,0.0135,457.0,478.0,2.28,0.00548
2022-02-28 14:05:59,1.93e-06,0.0135,460.0,479.0,2.28,0.005520000000000001
2022-02-28 14:07:00,1.92e-06,0.0135,459.0,479.0,2.28,0.005529999999999999
2022-02-28 14:08:00,1.92e-06,0.0135,456.0,480.0,2.28,0.00555
2022-02-28 14:09:01,1.92e-06,0.0135,458.0,479.0,2.28,0.00557
2022-02-28 14:10:01,1.92e-06,0.0135,459.0,479.0,2.28,0.00562
2022-02-28 14:11:02,1.93e-06,0.0135,459.0,479.0,2.28,0.0056700000000000006
2022-02-28 14:12:03,1.93e-06,0.0135,459.0,479.0,2.28,0.00572
2022-02-28 14:13:04,1.93e-06,0.0135,460.0,479.0,2.28,0.00575
2022-02-28 14:14:04,1.93e-06,0.0135,460.0,479.0,2.28,0.00575
2022-02-28 14:15:05,1.93e-06,0.0135,458.0,480.0,2.28,0.0057799999999999995
2022-02-28 14:16:05,1.93e-06,0.0134,457.0,479.0,2.28,0.0058200000000000005
2022-02-28 14:17:06,1.93e-06,0.0135,459.0,478.0,2.28,0.00589
2022-02-28 14:18:07,1.93e-06,0.0135,457.0,478.0,2.28,0.0059299999999999995
2022-02-28 14:19:08,1.93e-06,0.0135,459.0,479.0,2.28,0.00595
2022-02-28 14:20:08,1.92e-06,0.0135,461.0,480.0,2.28,0.00598
2022-02-28 14:21:09,1.93e-06,0.0135,459.0,479.0,2.28,0.00598
2022-02-28 14:22:10,1.93e-06,0.0135,456.0,479.0,2.28,0.00602
2022-02-28 14:23:10,1.93e-06,0.0135,460.0,479.0,2.28,0.00609
2022-02-28 14:24:11,1.93e-06,0.0135,458.0,479.0,2.28,0.00614
2022-02-28 14:25:12,1.92e-06,0.0135,457.0,479.0,2.28,0.00617
2022-02-28 14:26:12,1.92e-06,0.0135,460.0,479.0,2.28,0.00619
2022-02-28 14:27:13,1.92e-06,0.0135,460.0,479.0,2.28,0.00621
2022-02-28 14:28:14,1.92e-06,0.0135,461.0,479.0,2.28,0.00624
2022-02-28 14:29:14,1.92e-06,0.0135,461.0,480.0,2.28,0.0063
2022-02-28 14:30:15,1.92e-06,0.0135,461.0,479.0,2.27,0.00636
2022-02-28 14:31:16,1.92e-06,0.0135,456.0,479.0,2.28,0.00639
2022-02-28 14:32:16,1.92e-06,0.0135,456.0,479.0,2.28,0.006409999999999999
2022-02-28 14:33:17,1.92e-06,0.0135,456.0,479.0,2.28,0.00642
2022-02-28 14:34:18,1.92e-06,0.0135,459.0,479.0,2.28,0.00645
2022-02-28 14:35:18,1.93e-06,0.0135,461.0,479.0,2.28,0.0065
2022-02-28 14:36:19,1.93e-06,0.0135,461.0,479.0,2.28,0.00657
2022-02-28 14:37:20,1.93e-06,0.0135,458.0,479.0,2.28,0.0066099999999999996
2022-02-28 14:38:20,1.93e-06,0.0135,456.0,479.0,2.28,0.0066099999999999996
2022-02-28 14:39:21,1.93e-06,0.0135,455.0,478.0,2.28,0.006640000000000001
2022-02-28 14:40:22,1.93e-06,0.0135,456.0,479.0,2.28,0.006659999999999999
2022-02-28 14:41:22,1.93e-06,0.0135,460.0,480.0,2.28,0.00672
2022-02-28 14:42:23,1.93e-06,0.0135,456.0,479.0,2.28,0.00677
2022-02-28 14:43:23,1.93e-06,0.0135,456.0,479.0,2.28,0.006809999999999999
2022-02-28 14:44:24,1.93e-06,0.0135,456.0,479.0,2.28,0.006809999999999999
2022-02-28 14:45:25,1.94e-06,0.0135,460.0,479.0,2.28,0.006840000000000001
2022-02-28 14:46:25,1.93e-06,0.0135,460.0,479.0,2.28,0.00688
2022-02-28 14:47:26,1.94e-06,0.0135,460.0,479.0,2.28,0.00695
2022-02-28 14:48:27,1.93e-06,0.0135,461.0,480.0,2.28,0.0069900000000000006
2022-02-28 14:49:27,1.94e-06,0.0135,461.0,479.0,2.28,0.00702
2022-02-28 14:50:28,1.94e-06,0.0135,457.0,479.0,2.28,0.00705
2022-02-28 14:51:29,1.93e-06,0.0135,455.0,478.0,2.28,0.00705
2022-02-28 14:52:29,1.93e-06,0.0135,455.0,479.0,2.28,0.0071
2022-02-28 14:53:30,1.94e-06,0.0135,456.0,480.0,2.28,0.00716
2022-02-28 14:54:31,1.93e-06,0.0135,459.0,479.0,2.28,0.00722
2022-02-28 14:55:31,1.94e-06,0.0135,460.0,479.0,2.28,0.00725
2022-02-28 14:56:32,1.94e-06,0.0135,461.0,480.0,2.28,0.007259999999999999
2022-02-28 14:57:33,1.94e-06,0.0135,459.0,480.0,2.28,0.0072900000000000005
2022-02-28 14:58:33,1.94e-06,0.0135,458.0,480.0,2.28,0.00732
2022-02-28 14:59:34,1.94e-06,0.0134,457.0,479.0,2.28,0.007379999999999999
2022-02-28 15:00:34,1.93e-06,0.0135,460.0,479.0,2.28,0.00744
2022-02-28 15:01:35,1.94e-06,0.0135,461.0,480.0,2.28,0.00746
2022-02-28 15:02:36,1.93e-06,0.0135,461.0,480.0,2.28,0.00748
2022-02-28 15:03:37,1.94e-06,0.0135,461.0,479.0,2.28,0.007490000000000001
2022-02-28 15:04:37,1.94e-06,0.0135,458.0,479.0,2.28,0.007529999999999999
2022-02-28 15:05:38,1.94e-06,0.0135,457.0,480.0,2.28,0.00758
2022-02-28 15:06:39,1.93e-06,0.0135,456.0,479.0,2.28,0.007659999999999999
2022-02-28 15:07:39,1.93e-06,0.0135,455.0,479.0,2.28,0.007679999999999999
2022-02-28 15:08:40,1.93e-06,0.0135,455.0,479.0,2.28,0.007690000000000001
2022-02-28 15:09:41,1.93e-06,0.0135,456.0,480.0,2.28,0.0077
2022-02-28 15:10:41,1.94e-06,0.0135,461.0,480.0,2.29,0.00777
2022-02-28 15:11:42,1.93e-06,0.0135,457.0,479.0,2.28,0.00782
2022-02-28 15:12:43,1.93e-06,0.0135,456.0,479.0,2.28,0.00787
2022-02-28 15:13:43,1.93e-06,0.0135,457.0,479.0,2.28,0.007890000000000001
2022-02-28 15:14:44,1.93e-06,0.0135,459.0,479.0,2.28,0.007909999999999999
2022-02-28 15:15:45,1.94e-06,0.0135,460.0,479.0,2.28,0.00793
2022-02-28 15:16:45,1.94e-06,0.0135,455.0,479.0,2.28,0.00799
2022-02-28 15:17:46,1.93e-06,0.0135,457.0,479.0,2.29,0.00805
2022-02-28 15:18:46,1.94e-06,0.0135,456.0,479.0,2.28,0.00809
2022-02-28 15:19:47,1.94e-06,0.0135,456.0,479.0,2.28,0.00811
2022-02-28 15:20:48,1.93e-06,0.0135,456.0,479.0,2.28,0.00813
2022-02-28 15:21:48,1.93e-06,0.0135,461.0,479.0,2.28,0.008159999999999999
2022-02-28 15:22:49,1.94e-06,0.0135,460.0,480.0,2.28,0.00822
2022-02-28 15:23:50,1.93e-06,0.0135,459.0,480.0,2.28,0.00828
2022-02-28 15:24:50,1.93e-06,0.0135,456.0,479.0,2.28,0.008320000000000001
2022-02-28 15:25:51,1.93e-06,0.0135,459.0,479.0,2.28,0.008329999999999999
2022-02-28 15:26:51,1.93e-06,0.0135,461.0,480.0,2.28,0.00834
2022-02-28 15:27:52,1.93e-06,0.0135,460.0,480.0,2.28,0.00838
2022-02-28 15:28:53,1.94e-06,0.0135,460.0,479.0,2.28,0.00843
2022-02-28 15:29:54,1.93e-06,0.0135,460.0,479.0,2.28,0.00848
2022-02-28 15:30:54,1.94e-06,0.0135,460.0,478.0,2.28,0.00853
2022-02-28 15:31:57,1.93e-06,0.0135,459.0,479.0,2.28,0.00855
2022-02-28 15:32:57,1.93e-06,0.0135,460.0,479.0,2.28,0.008579999999999999
2022-02-28 15:33:58,1.93e-06,0.0135,456.0,479.0,2.28,0.0086
2022-02-28 15:34:59,1.94e-06,0.0135,459.0,480.0,2.28,0.00867
2022-02-28 15:35:59,1.93e-06,0.0135,457.0,480.0,2.28,0.0087
2022-02-28 15:37:00,1.93e-06,0.0135,459.0,480.0,2.28,0.00873
2022-02-28 15:38:01,1.93e-06,0.0135,461.0,480.0,2.28,0.00877
2022-02-28 15:39:01,1.93e-06,0.0135,460.0,480.0,2.28,0.00877
