datetime,water in,water out,oil,He,low pressure,high pressure,current,hours
2022-02-28 00:00:25,20.35833,27.79945,26.783890000000003,70.58166999999999,86.21529,293.8148,30.16426,37413.81
2022-02-28 00:01:25,20.12889,28.25556,27.788890000000002,70.83556,86.29789,293.7549,30.2455,37413.81
2022-02-28 00:02:25,18.37833,26.433329999999998,25.99778,70.83556,86.28786,293.7061,30.202370000000002,37413.81
2022-02-28 00:03:28,17.75111,25.76056,25.34056,70.62056,86.24149,293.82,29.79475,37413.81
2022-02-28 00:04:28,20.36611,27.781109999999998,26.778890000000004,70.69112,86.2465,293.7273,30.238059999999997,37413.81
2022-02-28 00:05:28,20.27611,28.33,27.82,70.86388000000001,86.33423,293.7723,30.440340000000003,37413.81
2022-02-28 00:06:28,18.352220000000003,26.46667,25.99,70.73833,86.35297,293.7143,30.33387,37413.81
2022-02-28 00:07:28,17.84111,25.87167,25.40222,70.64667,86.14778000000001,293.7897,29.77467,37413.81
2022-02-28 00:08:28,20.191110000000002,27.62667,26.593329999999998,70.63667,86.22032,293.7773,30.1757,37413.81
2022-02-28 00:09:28,20.63167,28.49,27.84556,70.83,86.34295,293.765,30.365640000000003,37413.81
2022-02-28 00:10:31,18.46055,26.49778,26.02611,70.86667,86.2066,293.7345,30.084840000000003,37413.81
2022-02-28 00:11:31,17.86167,25.87889,25.41778,70.76222,86.1264,293.7709,29.73197,37413.81
2022-02-28 00:12:31,20.18055,27.59555,26.575,70.67833,86.16138000000001,293.6985,30.1083,37413.81
2022-02-28 00:13:31,20.71944,28.598329999999997,27.89722,70.86667,86.26663,293.6697,30.27113,37413.81
2022-02-28 00:14:31,18.58889,26.63445,26.165,70.84833,86.26156,293.7122,30.20782,37413.81
2022-02-28 00:15:31,17.96167,25.95111,25.433329999999998,70.75445,86.18775,293.7722,29.78165,37413.81
2022-02-28 00:16:31,20.08,27.45389,26.412779999999998,70.60777,86.15518,293.7546,29.68188,37413.81
2022-02-28 00:17:31,21.0,28.69111,27.87667,70.90334,86.36174,293.7209,30.12065,37413.81
2022-02-28 00:18:31,18.67889,26.67555,26.245,70.75945,86.31286999999999,293.6693,30.215220000000002,37413.81
2022-02-28 00:19:31,18.07222,25.99778,25.49778,70.64667,86.17896,293.7546,29.719,37413.81
2022-02-28 00:20:31,19.92834,27.30445,26.25,70.69667,86.18771,293.7184,29.7837,37413.81
2022-02-28 00:21:31,21.136670000000002,28.71167,27.86389,70.775,86.33662,293.6573,30.364440000000002,37413.81
2022-02-28 00:22:31,18.68667,26.714440000000003,26.31222,70.72556,86.38554,293.6395,30.18324,37413.81
2022-02-28 00:23:31,18.08,26.01056,25.49278,70.75445,86.27163,293.6796,29.71965,37413.81
2022-02-28 00:24:34,19.941110000000002,27.348329999999997,26.29389,70.65222,86.31914,293.7332,29.83205,37413.81
2022-02-28 00:25:34,21.134439999999998,28.71167,27.840559999999996,70.84555,86.42429,293.6021,30.37159,37413.81
2022-02-28 00:26:34,18.704439999999998,26.72444,26.33,70.91666,86.42555,293.6371,30.27275,37413.81
2022-02-28 00:27:34,18.07722,26.02111,25.50556,70.76444000000001,86.32663000000001,293.6948,29.90755,37413.81
2022-02-28 00:28:34,19.78666,27.183329999999998,26.16778,70.70721999999999,86.31291,293.6673,29.919890000000002,37413.81
2022-02-28 00:29:34,21.16,28.67555,27.80167,70.73611,86.45676999999999,293.6445,30.4898,37413.81
2022-02-28 00:30:34,18.73556,26.781109999999998,26.405,70.80667,86.51935999999999,293.6533,30.440490000000004,37413.81
2022-02-28 00:31:34,18.11056,26.03389,25.53389,70.67833,86.36545,293.7282,29.901159999999997,37413.81
2022-02-28 00:32:34,19.70722,27.059440000000002,26.03111,70.77778,86.27282,293.6784,29.819809999999997,37413.81
2022-02-28 00:33:34,21.142220000000002,28.67056,27.783890000000003,70.80667,86.41303,293.6781,30.357359999999996,37413.81
2022-02-28 00:34:34,18.75889,26.840559999999996,26.531109999999998,70.73833,86.5081,293.6018,30.37858,37413.81
2022-02-28 00:35:34,18.092779999999998,26.03889,25.58556,70.73056,86.27409,293.6722,29.73834,37413.81
2022-02-28 00:36:34,19.50167,26.886670000000002,25.863889999999998,70.69945,86.29664,293.6646,29.863879999999998,37413.81
2022-02-28 00:37:34,21.113889999999998,28.600559999999998,27.698890000000002,70.68611,86.54947,293.5281,30.33421,37413.81
2022-02-28 00:38:34,18.80722,26.91,26.60333,70.69667,86.44308000000001,293.5784,30.314970000000002,37413.81
2022-02-28 00:39:34,18.06222,26.04389,25.60056,70.66501,86.29909,293.6174,29.73798,37413.81
2022-02-28 00:40:37,19.48333,26.868890000000004,25.825,70.64667,86.30416,293.5945,29.93354,37413.81
2022-02-28 00:41:37,21.10056,28.58278,27.67278,70.77278000000001,86.45181,293.5318,30.421709999999997,37413.81
2022-02-28 00:42:37,18.82556,26.948890000000002,26.65222,70.92944,86.52941,293.5144,30.377879999999998,37413.81
2022-02-28 00:43:37,18.03611,26.07,25.64445,70.64667,86.40176,293.5593,29.87575,37413.81
2022-02-28 00:44:37,19.24944,26.67555,25.64722,70.50278,86.29791999999999,293.5256,29.794629999999998,37413.81
2022-02-28 00:45:37,21.02611,28.49778,27.58278,70.68333,86.46316,293.5195,30.32077,37413.81
2022-02-28 00:46:37,18.94889,27.067220000000002,26.74,70.75945,86.56821,293.4828,30.35942,37413.81
2022-02-28 00:47:37,18.092779999999998,26.12667,25.64722,70.61556,86.47061,293.4945,29.86348,37413.81
2022-02-28 00:48:37,19.09,26.546670000000002,25.58,70.59722,86.37669,293.4667,29.79445,37413.81
2022-02-28 00:49:37,20.97167,28.451109999999996,27.546670000000002,70.65722,86.52441999999999,293.4554,30.27164,37413.81
2022-02-28 00:50:37,18.97944,27.123890000000003,26.835559999999997,70.69667,86.53069,293.467,30.221629999999998,37413.81
2022-02-28 00:51:37,18.10056,26.14722,25.662779999999998,70.63389000000001,86.40555,293.5193,29.76783,37413.81
2022-02-28 00:52:37,18.85889,26.32222,25.43833,70.52665999999999,86.34668,293.4881,29.83277,37413.81
2022-02-28 00:53:37,20.86889,28.353340000000003,27.4,70.655,86.55559000000001,293.4244,30.264470000000003,37413.81
2022-02-28 00:54:37,19.16722,27.24,26.92278,70.96889,86.52069,293.4869,30.152520000000003,37413.81
2022-02-28 00:55:37,18.19055,26.18833,25.67834,70.70721999999999,86.53815999999999,293.4655,29.844490000000004,37413.81
2022-02-28 00:56:37,18.578889999999998,26.134439999999998,25.325,70.63110999999999,86.41805,293.4558,29.876590000000004,37413.81
2022-02-28 00:57:37,20.78111,28.25556,27.33278,70.66778000000001,86.59451,293.3842,30.310140000000004,37413.81
2022-02-28 00:58:37,19.31889,27.389440000000004,27.093329999999998,70.77778,86.57072,293.4331,30.200190000000003,37413.81
2022-02-28 00:59:37,18.293329999999997,26.24278,25.727220000000003,70.55277,86.5933,293.3629,29.857670000000002,37413.81
2022-02-28 01:00:37,18.32667,25.94611,25.26333,70.62333000000001,86.41053000000001,293.4765,29.782259999999997,37413.81
2022-02-28 01:01:37,20.735,28.196109999999997,27.235,70.715,86.60323000000001,293.3866,30.302709999999998,37413.81
2022-02-28 01:02:37,19.42444,27.502779999999998,27.25778,70.70167,86.582,293.424,30.32712,37413.81
2022-02-28 01:03:37,18.29055,26.24278,25.735,70.67056,86.57701999999999,293.4095,30.10075,37413.81
2022-02-28 01:04:37,18.07722,25.82,25.24277,70.52665999999999,86.46935,293.5157,29.788429999999998,37413.81
2022-02-28 01:05:37,20.60611,28.06444,27.106109999999997,70.63889,86.50308000000001,293.4843,30.42243,37413.81
2022-02-28 01:06:37,19.59667,27.73222,27.49278,70.66277,86.58585,293.4556,30.35929,37413.81
2022-02-28 01:07:37,18.28278,26.26055,25.85611,70.63110999999999,86.58073,293.4676,30.278290000000002,37413.81
2022-02-28 01:08:37,17.892220000000002,25.76056,25.27111,70.54222,86.39793,293.4943,29.789659999999998,37413.81
2022-02-28 01:09:37,20.502779999999998,27.956670000000003,26.99278,70.49221999999999,86.51314,293.4118,30.27177,37413.81
2022-02-28 01:10:40,19.599439999999998,27.706670000000003,27.469440000000002,70.72278,86.50692,293.3981,30.28997,37413.81
2022-02-28 01:11:40,18.262220000000003,26.265559999999997,25.843329999999998,70.51334,86.50690999999999,293.3915,30.16589,37413.81
2022-02-28 01:12:40,17.848329999999997,25.703889999999998,25.21445,70.61556,86.3942,293.3506,29.763170000000002,37413.81
2022-02-28 01:13:40,20.551660000000002,27.97167,26.98722,70.56334,86.43799,293.3279,30.233259999999998,37413.81
2022-02-28 01:14:40,19.68945,27.83278,27.575,70.64944,86.5607,293.3642,30.25935,37413.81
2022-02-28 01:15:40,18.30111,26.283890000000003,25.85833,70.62056,86.57079,293.3543,30.328290000000003,37413.81
2022-02-28 01:16:40,17.81,25.71445,25.24778,70.51611,86.46051999999999,293.3831,29.707459999999998,37413.81
2022-02-28 01:17:40,20.45889,27.915,26.91,70.52389000000001,86.48438,293.3431,30.15261,37413.81
2022-02-28 01:18:40,19.90278,28.01833,27.68055,70.71222,86.64827,293.319,30.328529999999997,37413.81
2022-02-28 01:19:40,18.33444,26.348340000000004,25.915,70.62333000000001,86.5757,293.3544,30.34709,37413.81
2022-02-28 01:20:40,17.805,25.72945,25.28389,70.63667,86.49812,293.3417,29.732509999999998,37413.81
2022-02-28 01:21:43,20.53611,27.97444,27.010559999999998,70.53166999999999,86.48438,293.3026,30.12817,37413.81
2022-02-28 01:22:43,19.81278,27.94111,27.628890000000002,70.655,86.59448,293.2392,30.0894,37413.81
2022-02-28 01:23:43,18.272779999999997,26.281109999999998,25.88445,70.57111,86.5482,293.2791,30.03746,37413.81
2022-02-28 01:24:43,17.82056,25.74278,25.31445,70.25944,86.38799,293.318,29.595290000000002,37413.81
2022-02-28 01:25:43,20.46944,27.881659999999997,26.91,70.54222,86.45055,293.2593,30.03967,37413.81
2022-02-28 01:26:43,19.848329999999997,27.958890000000004,27.62167,70.63110999999999,86.58322,293.1851,30.03957,37413.81
2022-02-28 01:27:43,18.255,26.265559999999997,25.89722,70.50278,86.54819,293.2053,30.120079999999998,37413.81
2022-02-28 01:28:46,17.87167,25.727220000000003,25.24778,70.38778,86.50314,293.2838,29.64388,37413.81
2022-02-28 01:29:46,20.523329999999998,27.93611,26.969440000000002,70.42445,86.58694,293.2339,30.14665,37413.81
2022-02-28 01:30:46,19.72,27.87667,27.57,70.73611,86.66209,293.2455,30.258670000000002,37413.81
2022-02-28 01:31:46,18.26778,26.252779999999998,25.81445,70.53166999999999,86.63576,293.2115,30.183709999999998,37413.81
2022-02-28 01:32:46,17.82056,25.69333,25.27611,70.52889,86.5556,293.2567,29.61962,37413.81
2022-02-28 01:33:46,20.456670000000003,27.840559999999996,26.873890000000003,70.49001,86.57822,293.204,30.127359999999996,37413.81
2022-02-28 01:34:46,19.884439999999998,27.98222,27.65222,70.58945,86.66584,293.2014,30.12772,37413.81
2022-02-28 01:35:46,18.27778,26.30722,25.912779999999998,70.52665999999999,86.68081,293.2278,30.09777,37413.81
2022-02-28 01:36:46,17.74556,25.665,25.24277,70.4639,86.53815,293.2767,29.61957,37413.81
2022-02-28 01:37:46,20.363889999999998,27.76333,26.80722,70.47166,86.55951,293.2538,30.0583,37413.81
2022-02-28 01:38:46,20.17556,28.21167,27.760559999999998,70.57333,86.6483,293.2277,30.071659999999998,37413.81
2022-02-28 01:39:46,18.32166,26.361109999999996,25.941110000000002,70.56334,86.64577,293.2344,30.154059999999998,37413.81
2022-02-28 01:40:49,17.732779999999998,25.71167,25.28889,70.39056,86.46934,293.1588,29.601190000000003,37413.81
2022-02-28 01:41:49,20.33278,27.752779999999998,26.74278,70.47667,86.48062,293.144,29.9263,37413.81
2022-02-28 01:42:49,20.18611,28.227220000000003,27.76555,70.58667,86.60327,293.1588,29.97685,37413.81
2022-02-28 01:43:49,18.331670000000003,26.392220000000002,25.956670000000003,70.42166999999999,86.6321,293.1839,29.99666,37413.81
2022-02-28 01:44:49,17.78666,25.77889,25.33278,70.36667,86.54319,293.1899,29.538190000000004,37413.81
2022-02-28 01:45:49,20.25,27.62167,26.606109999999997,70.42721999999999,86.56322,293.1602,30.014979999999998,37413.81
2022-02-28 01:46:49,20.50556,28.392220000000002,27.804440000000003,70.52889,86.69086,293.1251,30.0588,37413.81
2022-02-28 01:47:49,18.41166,26.479440000000004,26.05445,70.43500999999999,86.67334,293.16,30.03564,37413.81
2022-02-28 01:48:49,17.822779999999998,25.80722,25.33778,70.42721999999999,86.51688,293.1765,29.5198,37413.81
2022-02-28 01:49:49,20.134439999999998,27.531109999999998,26.48222,70.53944,86.55194,293.155,30.015109999999996,37413.81
2022-02-28 01:50:49,20.655,28.50778,27.840559999999996,70.5,86.65704000000001,293.1212,30.08435,37413.81
2022-02-28 01:51:49,18.476110000000002,26.48722,26.07,70.59722,86.65831,293.1317,30.0659,37413.81
2022-02-28 01:52:52,17.78666,25.79389,25.30167,70.41666,86.52188000000001,293.2139,29.58206,37413.81
2022-02-28 01:53:52,20.165,27.546670000000002,26.54167,70.39833,86.54441,293.1453,29.95887,37413.81
2022-02-28 01:54:52,20.67556,28.50555,27.840559999999996,70.48444,86.77972,293.1063,30.07678,37413.81
2022-02-28 01:55:52,18.50389,26.523329999999998,26.093329999999998,70.655,86.74461,293.1153,30.09092,37413.81
2022-02-28 01:56:52,17.87667,25.863889999999998,25.36611,70.4639,86.63705,293.1653,29.61427,37413.81
2022-02-28 01:57:52,20.093329999999998,27.451109999999996,26.42056,70.39278,86.61704,293.1616,30.10261,37413.81
2022-02-28 01:58:52,20.80722,28.55722,27.781109999999998,70.58389,86.71215,293.1453,30.09014,37413.81
2022-02-28 01:59:52,18.50389,26.533890000000003,26.08556,70.47667,86.73094,293.1325,30.05896,37413.81
2022-02-28 02:00:52,17.92555,25.85611,25.33555,70.43723,86.62697,293.1964,29.658209999999997,37413.81
2022-02-28 02:01:52,20.05444,27.42278,26.38444,70.31168000000001,86.66711,293.1187,29.952920000000002,37413.81
2022-02-28 02:02:52,20.93833,28.60833,27.85333,70.51334,86.74840999999999,293.1153,30.20317,37413.81
2022-02-28 02:03:52,18.58889,26.58278,26.15222,70.39056,86.80351999999999,293.1151,30.189390000000003,37413.81
2022-02-28 02:04:52,18.03389,25.91778,25.39444,70.44278,86.59193,293.1863,29.6523,37413.81
2022-02-28 02:05:52,19.941110000000002,27.296670000000002,26.273329999999998,70.33778000000001,86.60576999999999,293.1704,29.63932,37413.81
2022-02-28 02:06:52,21.02889,28.62166,27.788890000000002,70.54500999999999,86.79223,293.1001,30.165909999999997,37413.81
2022-02-28 02:07:52,18.58667,26.61611,26.25,70.49221999999999,86.81853000000001,293.1128,30.090120000000002,37413.81
2022-02-28 02:08:52,18.02611,25.905,25.405,70.48222,86.65954,293.1552,29.676679999999998,37413.81
2022-02-28 02:09:52,19.92834,27.265559999999997,26.24,70.42944,86.71462,293.1229,29.708340000000003,37413.81
2022-02-28 02:10:52,20.99278,28.58778,27.771109999999997,70.40055,86.78971999999999,293.0991,30.089859999999998,37413.81
2022-02-28 02:11:52,18.58389,26.58,26.17278,70.45834,86.77219000000001,293.0638,29.95893,37413.81
2022-02-28 02:12:52,17.96444,25.87167,25.37667,70.30389,86.66713,293.1238,29.63301,37413.81
2022-02-28 02:13:52,19.84111,27.17278,26.113889999999998,70.32223,86.66835999999999,293.1049,29.588820000000002,37413.81
2022-02-28 02:14:52,21.05445,28.58,27.71166,70.49776999999999,86.7309,293.0863,30.184440000000002,37413.81
2022-02-28 02:15:52,18.622220000000002,26.59556,26.235,70.50278,86.84232,293.0925,30.038729999999997,37413.81
2022-02-28 02:16:52,18.01556,25.87389,25.41778,70.30389,86.68205999999999,293.0938,29.651320000000002,37413.81
2022-02-28 02:17:52,19.78444,27.14445,26.11611,70.38499,86.62201,293.1003,29.645,37413.81
2022-02-28 02:18:52,21.05944,28.59334,27.76833,70.44278,86.75220999999999,293.045,30.26636,37413.81
2022-02-28 02:19:52,18.64278,26.62167,26.27611,70.56833,86.79226,293.0214,30.07221,37413.81
2022-02-28 02:20:52,18.0,25.892220000000002,25.42555,70.48222,86.64208,293.164,29.657970000000002,37413.81
2022-02-28 02:21:52,19.732779999999998,27.09556,26.05944,70.36389,86.67455,293.0592,29.63317,37413.81
2022-02-28 02:22:52,21.08778,28.58278,27.72167,70.55277,86.83357,292.9962,30.2409,37413.81
2022-02-28 02:23:52,18.66333,26.65,26.286109999999997,70.52889,86.82722,293.0448,30.02807,37413.81
2022-02-28 02:24:52,17.98722,25.892220000000002,25.405,70.31721999999999,86.6646,293.1162,29.557059999999996,37413.81
2022-02-28 02:25:52,19.635,26.985,25.920560000000002,70.35110999999999,86.71594,293.0413,29.68287,37413.81
2022-02-28 02:26:52,21.098329999999997,28.55167,27.66778,70.43500999999999,86.84728,293.0034,30.22213,37413.81
2022-02-28 02:27:52,18.69444,26.74,26.41778,70.36944,86.82722,293.0115,30.1091,37413.81
2022-02-28 02:28:52,17.99778,25.912779999999998,25.50556,70.39056,86.71965,293.0902,29.6517,37413.81
2022-02-28 02:29:52,19.54,26.88167,25.83778,70.30945,86.73461999999999,293.0088,29.557170000000003,37413.81
2022-02-28 02:30:52,21.075,28.515559999999997,27.65222,70.46611,86.79971,292.9912,30.146390000000004,37413.81
2022-02-28 02:31:52,18.67611,26.75556,26.456670000000003,70.45834,86.85105,292.9987,30.17825,37413.81
2022-02-28 02:32:52,17.96444,25.892220000000002,25.456670000000003,70.36166,86.69709,293.0576,29.5879,37413.81
2022-02-28 02:33:52,19.40389,26.76833,25.70889,70.36667,86.68969,293.0323,29.576259999999998,37413.81
2022-02-28 02:34:52,21.02889,28.456670000000003,27.590559999999996,70.38223,86.81229,292.9923,30.052590000000002,37413.81
2022-02-28 02:35:52,18.712220000000002,26.80166,26.51833,70.47166,86.81857,292.9612,30.02177,37413.81
2022-02-28 02:36:52,18.01056,25.93611,25.51056,70.47166,86.65711,293.0627,29.53874,37413.81
2022-02-28 02:37:52,19.31666,26.683329999999998,25.66,70.24112,86.69585,293.0823,29.608890000000002,37413.81
2022-02-28 02:38:52,20.995,28.430559999999996,27.51055,70.38,86.81606,292.9766,29.965559999999996,37413.81
2022-02-28 02:39:52,18.81,26.889440000000004,26.575,70.41666,86.8286,293.0152,30.00255,37413.81
2022-02-28 02:40:52,18.02611,25.96944,25.55722,70.35110999999999,86.70215,293.0223,29.55116,37413.81
2022-02-28 02:41:52,19.24444,26.611109999999996,25.62667,70.22278,86.6171,292.9953,29.48221,37413.81
2022-02-28 02:42:52,20.977220000000003,28.407220000000002,27.546670000000002,70.48444,86.78976,292.9002,29.95842,37413.81
2022-02-28 02:43:52,18.863889999999998,26.91778,26.58778,70.50556,86.78971999999999,292.9687,29.971320000000002,37413.81
2022-02-28 02:44:52,17.99278,25.96667,25.52611,70.42445,86.67714000000001,292.9611,29.46981,37413.81
2022-02-28 02:45:55,19.41167,26.745,25.72167,70.29333000000001,86.70959,293.024,29.5705,37413.81
2022-02-28 02:46:55,21.02889,28.464440000000003,27.606109999999997,70.42721999999999,86.88481999999999,292.9424,30.03247,37413.81
2022-02-28 02:47:55,18.76389,26.83278,26.51333,70.45056,86.86108,292.9828,30.15382,37413.81
2022-02-28 02:48:55,18.01334,25.956670000000003,25.523329999999998,70.25668,86.76479,292.9687,29.48845,37413.81
2022-02-28 02:49:55,19.41389,26.74278,25.74278,70.14944,86.74847,293.005,29.65842,37413.81
2022-02-28 02:50:55,21.04945,28.47167,27.600559999999998,70.49001,86.89986999999999,292.9547,30.19158,37413.81
2022-02-28 02:51:55,18.81,26.88167,26.60833,70.495,86.89484,292.9637,30.13461,37413.81
2022-02-28 02:52:55,17.99278,25.94611,25.51833,70.36667,86.75721,293.0088,29.52638,37413.81
2022-02-28 02:53:55,19.28056,26.66,25.64722,70.19111,86.77351,292.9602,29.65819,37413.81
2022-02-28 02:54:55,21.00555,28.44111,27.52611,70.40611,86.87980999999999,292.9442,30.00863,37413.81
2022-02-28 02:55:55,18.851110000000002,26.93334,26.65222,70.41666,86.88235,292.9712,30.03417,37413.81
2022-02-28 02:56:55,18.02611,25.97167,25.55945,70.15723,86.84101,293.0224,29.60203,37413.81
2022-02-28 02:57:55,19.165,26.533890000000003,25.55445,70.28056,86.83849000000001,293.0036,29.60799,37413.81
2022-02-28 02:58:55,20.95889,28.386670000000002,27.52611,70.32777,86.90739,292.9408,29.95255,37413.81
2022-02-28 02:59:55,18.9,27.00556,26.696109999999997,70.41666,86.93244,292.9458,30.05953,37413.81
2022-02-28 03:00:55,18.067220000000002,26.01056,25.567220000000002,70.32999000000001,86.80354,292.9435,29.62143,37413.81
2022-02-28 03:01:55,18.94389,26.37167,25.44333,70.28833,86.76344,292.9309,29.537390000000002,37413.81
2022-02-28 03:02:55,20.88445,28.33778,27.386670000000002,70.37444,86.85734000000001,292.9021,29.984409999999997,37413.81
2022-02-28 03:03:55,19.05667,27.098340000000004,26.81222,70.42445,86.92244000000001,292.8898,30.01574,37413.81
2022-02-28 03:04:55,18.113329999999998,26.08278,25.613889999999998,70.35611,86.83102,292.9651,29.48221,37413.81
2022-02-28 03:05:55,18.81278,26.229440000000004,25.36111,70.30112,86.76094,292.9135,29.501209999999997,37413.81
2022-02-28 03:06:55,20.843329999999998,28.271109999999997,27.38444,70.30667,86.94874,292.8774,30.0787,37413.81
2022-02-28 03:07:55,19.12389,27.14722,26.850559999999998,70.47945,86.89735,292.946,29.9215,37413.81
2022-02-28 03:08:55,18.136670000000002,26.093329999999998,25.58,70.36667,86.84232,292.9223,29.545509999999997,37413.81
2022-02-28 03:09:55,18.683889999999998,26.18056,25.35333,70.13667,86.79355,292.9261,29.5954,37413.81
2022-02-28 03:10:55,20.83778,28.24778,27.361109999999996,70.24388,86.91366,292.8587,30.01574,37413.81
2022-02-28 03:11:55,19.10555,27.17056,26.873890000000003,70.47667,86.88107,292.8623,29.9807,37413.81
2022-02-28 03:12:55,18.10056,26.075,25.61889,70.38,86.84976,292.8726,29.59545,37413.81
2022-02-28 03:13:58,18.905,26.281109999999998,25.38445,70.19111,86.78725,292.8336,29.588829999999998,37413.81
2022-02-28 03:14:58,20.85611,28.31222,27.42278,70.44778000000001,86.85478,292.8113,29.952740000000002,37413.81
2022-02-28 03:15:58,19.046670000000002,27.072229999999998,26.79944,70.38778,86.90111,292.7997,29.969640000000002,37413.81
2022-02-28 03:16:58,18.067220000000002,26.00778,25.59555,70.30667,86.81978000000001,292.8896,29.563940000000002,37413.81
2022-02-28 03:17:58,18.89722,26.30722,25.386670000000002,70.25444,86.71840999999999,292.8748,29.66449,37413.81
2022-02-28 03:18:58,20.85056,28.286109999999997,27.35333,70.32999000000001,86.89616,292.782,29.99714,37413.81
2022-02-28 03:19:58,19.07722,27.13445,26.81444,70.39278,86.88239,292.8459,30.04059,37413.81
2022-02-28 03:20:58,18.085,26.05944,25.61111,70.32999000000001,86.87611,292.8436,29.652659999999997,37413.81
2022-02-28 03:21:58,18.88222,26.286109999999997,25.43056,70.25944,86.75224,292.9175,29.62115,37413.81
2022-02-28 03:22:58,20.85611,28.288890000000002,27.356109999999997,70.28278,86.97618,292.816,30.090690000000002,37413.81
2022-02-28 03:24:01,19.03889,27.11611,26.84555,70.35611,86.86233,292.8488,29.971809999999998,37413.81
2022-02-28 03:25:01,18.10333,26.06445,25.60333,70.30389,86.8511,292.7872,29.48852,37413.81
2022-02-28 03:26:01,18.851110000000002,26.291659999999997,25.37167,70.28833,86.77098000000001,292.8136,29.570909999999998,37413.81
2022-02-28 03:27:01,20.87167,28.30722,27.37667,70.31721999999999,86.87479,292.8412,29.978170000000002,37413.81
2022-02-28 03:28:01,19.07722,27.13167,26.85833,70.42166999999999,86.90858,292.8659,29.86437,37413.81
2022-02-28 03:29:01,18.14944,26.067220000000002,25.593329999999998,70.19389,86.82854,292.7935,29.495420000000003,37413.81
2022-02-28 03:30:01,18.8,26.227220000000003,25.36889,70.28056,86.74968,292.7447,29.488690000000002,37413.81
2022-02-28 03:31:01,20.83778,28.281109999999998,27.389440000000004,70.325,86.85736,292.7183,29.9281,37413.81
2022-02-28 03:32:01,19.13389,27.14722,26.84555,70.43723,86.90365,292.7459,29.95288,37413.81
2022-02-28 03:33:01,18.14667,26.10611,25.60611,70.26444000000001,86.8598,292.7393,29.45115,37413.81
2022-02-28 03:34:01,18.60945,26.08,25.26056,70.215,86.75345,292.7536,29.444259999999996,37413.81
2022-02-28 03:35:01,20.79389,28.208890000000004,27.309440000000002,70.28278,86.88611999999999,292.7346,29.8457,37413.81
2022-02-28 03:36:01,19.182779999999998,27.219440000000002,26.948890000000002,70.40611,86.89357,292.7458,29.979640000000003,37413.81
2022-02-28 03:37:01,18.18778,26.113889999999998,25.613889999999998,70.38499,86.87484,292.7784,29.49826,37413.81
2022-02-28 03:38:01,18.545,26.01833,25.23222,70.22,86.69711,292.8148,29.589290000000002,37413.81
2022-02-28 03:39:01,20.73722,28.16,27.265559999999997,70.33778000000001,86.8561,292.7683,29.9287,37413.81
2022-02-28 03:40:01,19.20055,27.227220000000003,26.969440000000002,70.32777,86.88241,292.7846,29.840040000000002,37413.81
2022-02-28 03:41:01,18.19333,26.10333,25.62889,70.29333000000001,86.81855,292.7887,29.52567,37413.81
2022-02-28 03:42:01,18.476110000000002,25.96667,25.18833,70.24611,86.78601,292.7599,29.514059999999997,37413.81
2022-02-28 03:43:01,20.69889,28.14722,27.208890000000004,70.27499,86.92989,292.6697,30.01677,37413.81
2022-02-28 03:44:01,19.22389,27.288890000000002,27.04945,70.40055,86.89361,292.6873,29.984859999999998,37413.81
2022-02-28 03:45:01,18.21389,26.14444,25.657220000000002,70.22,86.89104,292.6906,29.52573,37413.81
2022-02-28 03:46:01,18.47833,26.002779999999998,25.24,70.33778000000001,86.74472,292.7347,29.58142,37413.81
2022-02-28 03:47:01,20.752779999999998,28.18334,27.252779999999998,70.29111,86.86858000000001,292.7097,30.04135,37413.81
2022-02-28 03:48:01,19.19333,27.29167,27.075,70.47166,86.90607,292.6809,30.02781,37413.81
2022-02-28 03:49:01,18.23167,26.136670000000002,25.62889,70.22778000000001,86.84976999999999,292.6873,29.57044,37413.81
2022-02-28 03:50:01,18.50389,26.00778,25.245,70.22,86.80846,292.7484,29.60851,37413.81
2022-02-28 03:51:01,20.73222,28.17056,27.227220000000003,70.35889,86.94241,292.7194,30.06611,37413.81
2022-02-28 03:52:01,19.26,27.296670000000002,27.075,70.37723000000001,86.96243,292.7519,30.104020000000002,37413.81
2022-02-28 03:53:04,18.11611,26.07222,25.60833,70.25668,86.8761,292.7424,29.620559999999998,37413.81
2022-02-28 03:54:04,18.773889999999998,26.206670000000003,25.35611,70.31444,86.86358,292.8023,29.54539,37413.81
2022-02-28 03:55:04,20.827779999999997,28.23222,27.34055,70.30667,86.93488,292.6707,30.03418,37413.81
2022-02-28 03:56:04,19.18778,27.219440000000002,26.951109999999996,70.47945,87.0237,292.6509,30.027759999999997,37413.81
2022-02-28 03:57:04,18.12389,26.09055,25.61611,70.35889,86.88855,292.6846,29.59533,37413.81
2022-02-28 03:58:04,18.781670000000002,26.227220000000003,25.35055,70.17833,86.80605,292.7219,29.570459999999997,37413.81
2022-02-28 03:59:04,20.82,28.271109999999997,27.373890000000003,70.18611999999999,86.87605,292.6245,29.990340000000003,37413.81
2022-02-28 04:00:04,19.15222,27.20389,26.91778,70.39056,86.94986999999999,292.6659,30.09072,37413.81
2022-02-28 04:01:04,18.11611,26.077779999999997,25.62889,70.25444,86.90736,292.7146,29.589890000000004,37413.81
2022-02-28 04:02:04,18.712220000000002,26.19889,25.34056,70.12333000000001,86.82104,292.6796,29.65188,37413.81
2022-02-28 04:03:04,20.822229999999998,28.24278,27.34055,70.28056,86.92614,292.6319,30.154190000000003,37413.81
2022-02-28 04:04:04,19.18555,27.24778,26.958890000000004,70.31721999999999,86.94996,292.675,30.003759999999996,37413.81
2022-02-28 04:05:04,18.12111,26.07,25.60056,70.40888000000001,86.92997,292.706,29.7086,37413.81
2022-02-28 04:06:04,18.72778,26.17834,25.33,70.31944,86.79601,292.6609,29.59037,37413.81
2022-02-28 04:07:04,20.80167,28.23222,27.29945,70.27778,86.92487,292.5908,30.08447,37413.81
2022-02-28 04:08:04,19.14944,27.229440000000004,26.985,70.41666,86.98371999999999,292.5844,30.053959999999996,37413.81
2022-02-28 04:09:04,18.182779999999998,26.113889999999998,25.59834,70.29111,86.90739,292.687,29.63983,37413.81
2022-02-28 04:10:04,18.58889,26.10056,25.28889,70.24388,86.78725,292.712,29.69,37413.81
2022-02-28 04:11:04,20.75,28.201109999999996,27.29389,70.26222,86.9875,292.6162,30.122759999999996,37413.81
2022-02-28 04:12:04,19.19833,27.24278,27.00556,70.35611,86.94744,292.6271,30.108259999999998,37413.81
2022-02-28 04:13:04,18.157220000000002,26.08778,25.60611,70.25668,86.94492,292.721,29.7334,37413.81
2022-02-28 04:14:04,18.517220000000002,26.02611,25.24277,70.30112,86.9074,292.671,29.84078,37413.81
2022-02-28 04:15:04,20.74278,28.162779999999998,27.229440000000004,70.34555,86.99873000000001,292.6246,30.27215,37413.81
2022-02-28 04:16:04,19.23167,27.296670000000002,27.021109999999997,70.47166,87.04385,292.6831,30.247940000000003,37413.81
2022-02-28 04:17:04,18.165,26.11111,25.59834,70.24112,87.04635,292.6371,29.79021,37413.81
2022-02-28 04:18:04,18.39333,25.94611,25.25,70.15222,86.89856999999999,292.772,29.759,37413.81
2022-02-28 04:19:04,20.67278,28.128890000000002,27.201109999999996,70.28833,87.00999,292.6446,30.292040000000004,37413.81
2022-02-28 04:20:04,19.331670000000003,27.394440000000003,27.123890000000003,70.43723,87.0413,292.6883,30.23422,37413.81
2022-02-28 04:21:04,18.17,26.10611,25.64722,70.38,87.0388,292.7086,29.7907,37413.81
2022-02-28 04:22:04,18.34222,25.89445,25.20111,70.17833,86.87105,292.7019,29.70911,37413.81
2022-02-28 04:23:04,20.665,28.10333,27.16,70.25668,87.01626999999999,292.6697,30.304140000000004,37413.81
2022-02-28 04:24:04,19.30389,27.389440000000004,27.17833,70.56056,86.99372,292.6797,30.128859999999996,37413.81
2022-02-28 04:25:07,18.18556,26.10833,25.60833,70.39833,87.00878,292.7021,29.74008,37413.81
2022-02-28 04:26:07,18.51444,26.03889,25.26056,70.105,86.93117,292.7007,29.78326,37413.81
2022-02-28 04:27:07,20.735,28.201109999999996,27.27611,70.26222,87.03254,292.6896,30.2226,37413.81
2022-02-28 04:28:07,19.19056,27.235,26.969440000000002,70.44778000000001,87.11893,292.6706,30.16075,37413.81
2022-02-28 04:29:07,18.12111,26.093329999999998,25.62889,70.23833,87.06130999999999,292.6547,29.80201,37413.81
2022-02-28 04:30:07,18.532220000000002,26.046670000000002,25.245,70.16778000000001,86.92611,292.6518,29.84603,37413.81
2022-02-28 04:31:07,20.727220000000003,28.17278,27.235,70.34555,87.0876,292.5768,30.211340000000003,37413.81
2022-02-28 04:32:07,19.165,27.229440000000004,26.98722,70.30112,87.14146,292.6195,30.2069,37413.81
2022-02-28 04:33:07,18.16722,26.067220000000002,25.59555,70.22,87.04007,292.6331,29.72157,37413.81
2022-02-28 04:34:07,18.57611,26.075,25.25777,70.22556,86.94366,292.6447,29.77828,37413.81
2022-02-28 04:35:07,20.74,28.18334,27.278890000000004,70.35388,86.99249,292.622,30.19153,37413.81
2022-02-28 04:36:07,19.18555,27.252779999999998,26.97445,70.38778,87.06758,292.6271,30.191840000000003,37413.81
2022-02-28 04:37:07,18.14667,26.098329999999997,25.61889,70.22,86.99628,292.6096,29.69602,37413.81
2022-02-28 04:38:07,18.60444,26.10611,25.273329999999998,70.12611,86.85106999999999,292.6507,29.78385,37413.81
2022-02-28 04:39:07,20.81222,28.22945,27.317220000000002,70.28278,86.94372,292.5796,30.07242,37413.81
2022-02-28 04:40:07,19.10833,27.17278,26.951109999999996,70.20721999999999,86.99492,292.6194,30.066370000000003,37413.81
2022-02-28 04:41:07,18.14667,26.10333,25.59056,70.30389,86.9449,292.6109,29.6844,37413.81
2022-02-28 04:42:07,18.61222,26.09055,25.28889,70.17278,86.9124,292.6947,29.62218,37413.81
2022-02-28 04:43:07,20.76056,28.180559999999996,27.283890000000003,70.23333000000001,87.02763,292.6146,30.047940000000004,37413.81
2022-02-28 04:44:07,19.272779999999997,27.32222,27.031109999999998,70.42721999999999,87.05254000000001,292.6197,30.173379999999998,37413.81
2022-02-28 04:45:07,18.19055,26.10056,25.63167,70.33778000000001,86.99245,292.6343,29.59027,37413.81
2022-02-28 04:46:07,18.51444,26.02889,25.23722,70.30667,86.86976999999999,292.6571,29.65915,37413.81
2022-02-28 04:47:07,20.75,28.165,27.25778,70.37723000000001,87.00501,292.5733,30.216440000000002,37413.81
2022-02-28 04:48:07,19.20055,27.27334,27.01333,70.20721999999999,87.10385,292.567,30.028709999999997,37413.81
2022-02-28 04:49:07,18.165,26.07222,25.58278,70.35388,86.9725,292.6221,29.640009999999997,37413.81
2022-02-28 04:50:07,18.517220000000002,26.02111,25.19333,70.29888000000001,86.9174,292.6245,29.72161,37413.81
2022-02-28 04:51:07,20.75,28.19111,27.27334,70.39056,87.03255,292.5345,30.08693,37413.81
2022-02-28 04:52:07,19.23445,27.29945,27.04389,70.42445,87.03754,292.5468,29.979770000000002,37413.81
2022-02-28 04:53:07,18.165,26.09055,25.60833,70.26723,87.04756,292.6057,29.62673,37413.81
2022-02-28 04:54:07,18.41166,25.97167,25.183329999999998,70.15222,86.95618,292.607,29.646179999999998,37413.81
2022-02-28 04:55:07,20.69889,28.136670000000002,27.20389,70.23611,87.05628,292.5847,30.07113,37413.81
2022-02-28 04:56:07,19.21611,27.260559999999998,27.010559999999998,70.29611,87.04876,292.5843,30.041420000000002,37413.81
2022-02-28 04:57:07,18.11833,26.08278,25.62667,70.14668,87.04756,292.5536,29.596790000000002,37413.81
2022-02-28 04:58:07,18.48111,25.985,25.16778,70.23833,86.92744,292.6043,29.70862,37413.81
2022-02-28 04:59:07,20.72445,28.14722,27.21167,70.22556,87.07885999999999,292.5494,30.12885,37413.81
2022-02-28 05:00:07,19.10055,27.18611,26.97445,70.44556,87.13518,292.5558,30.137240000000002,37413.81
2022-02-28 05:01:07,18.12111,26.07,25.57,70.28556,87.06631999999999,292.5845,29.76499,37413.81
2022-02-28 05:02:07,18.57333,26.05445,25.25555,70.18111,86.94868000000001,292.5883,29.70242,37413.81
2022-02-28 05:03:07,20.74,28.17056,27.260559999999998,70.18111,87.10636,292.507,30.278,37413.81
2022-02-28 05:04:07,19.11833,27.229440000000004,27.01833,70.36667,87.13398000000001,292.5369,30.08421,37413.81
2022-02-28 05:05:07,18.17,26.093329999999998,25.59056,70.215,87.06003,292.5968,29.759220000000003,37413.81
2022-02-28 05:06:07,18.51444,26.01833,25.20889,70.20721999999999,86.97121,292.5646,29.82143,37413.81
2022-02-28 05:07:07,20.71667,28.14445,27.24778,70.22,87.07132,292.4757,30.3177,37413.81
2022-02-28 05:08:07,19.28056,27.30722,27.059440000000002,70.34333000000001,87.09764,292.5209,30.165770000000002,37413.81
2022-02-28 05:09:07,18.14944,26.07222,25.59555,70.26222,87.05129000000001,292.5506,29.77236,37413.81
2022-02-28 05:10:07,18.45778,25.98222,25.20111,70.14444,86.96118,292.6232,29.74043,37413.81
2022-02-28 05:11:07,20.72945,28.15,27.18611,70.31444,87.12014,292.4782,30.22206,37413.81
2022-02-28 05:12:07,19.21111,27.281109999999998,27.06445,70.24611,87.13393,292.5432,30.21687,37413.81
2022-02-28 05:13:07,18.14667,26.08778,25.60333,70.24889,87.11265999999999,292.5332,29.740440000000003,37413.81
2022-02-28 05:14:07,18.46055,25.977220000000003,25.22167,70.24388,86.97247,292.6046,29.78405,37413.81
2022-02-28 05:15:07,20.70111,28.128890000000002,27.20389,70.19667,87.09891999999999,292.4732,30.25484,37413.81
2022-02-28 05:16:07,19.25222,27.33778,27.090559999999996,70.23055,87.17525,292.5271,30.16698,37413.81
2022-02-28 05:17:07,18.165,26.077779999999997,25.567220000000002,70.26222,87.08636,292.5232,29.68447,37413.81
2022-02-28 05:18:07,18.46556,25.96667,25.18611,70.13889,86.94119,292.5358,29.77843,37413.81
2022-02-28 05:19:07,20.75,28.178340000000002,27.22167,70.21223,87.05888,292.4944,30.28063,37413.81
2022-02-28 05:20:07,19.13389,27.21667,26.951109999999996,70.38223,87.11135,292.5321,30.21078,37413.81
2022-02-28 05:21:07,18.14944,26.08,25.59555,70.16,87.0901,292.5008,29.79683,37413.81
2022-02-28 05:22:07,18.532220000000002,26.01056,25.18055,70.06555,86.95747,292.5406,29.722279999999998,37413.81
2022-02-28 05:23:07,20.71445,28.17278,27.22444,70.23333000000001,87.14147,292.4181,30.217740000000003,37413.81
2022-02-28 05:24:07,19.136670000000002,27.22444,26.969440000000002,70.34555,87.15018,292.457,30.15537,37413.81
2022-02-28 05:25:07,18.165,26.09055,25.59056,70.16277,87.05761,292.4368,29.709290000000003,37413.81
2022-02-28 05:26:07,18.60722,26.067220000000002,25.23722,70.0211,86.93867,292.4619,29.734759999999998,37413.81
2022-02-28 05:27:07,20.77889,28.21445,27.29945,70.19111,87.10261,292.4393,30.21211,37413.81
2022-02-28 05:28:07,18.99277,27.090559999999996,26.848340000000004,70.27778,87.08888,292.4667,30.152890000000003,37413.81
2022-02-28 05:29:07,18.06444,26.04389,25.546670000000002,70.29111,87.04382,292.5108,29.79697,37413.81
2022-02-28 05:30:07,18.58667,26.077779999999997,25.25555,70.155,86.94485999999999,292.5245,29.803990000000002,37413.81
2022-02-28 05:31:07,20.706670000000003,28.16,27.252779999999998,70.18333,87.06879,292.4431,30.223670000000002,37413.81
2022-02-28 05:32:07,19.27555,27.29945,27.038890000000002,70.36389,87.05004,292.4755,30.19843,37413.81
2022-02-28 05:33:07,18.12889,26.10833,25.613889999999998,70.27277,87.0563,292.492,29.841459999999998,37413.81
2022-02-28 05:34:07,18.48611,25.99278,25.22167,70.165,86.89237,292.5034,29.778879999999997,37413.81
2022-02-28 05:35:07,20.68056,28.139440000000004,27.22444,70.24112,87.06135,292.4429,30.24255,37413.81
2022-02-28 05:36:07,19.293329999999997,27.35833,27.08778,70.37444,87.09015,292.4464,30.20457,37413.81
2022-02-28 05:37:07,18.14445,26.10333,25.58556,70.27499,87.0175,292.4807,29.76482,37413.81
2022-02-28 05:38:07,18.49667,26.01833,25.21944,70.20944,86.93993,292.497,29.76665,37413.81
2022-02-28 05:39:07,20.752779999999998,28.162779999999998,27.229440000000004,70.25166999999999,87.04500999999999,292.4041,30.2929,37413.81
2022-02-28 05:40:07,19.21611,27.260559999999998,27.0,70.39833,87.12268,292.4219,30.17367,37413.81
2022-02-28 05:41:07,18.08778,26.06222,25.551660000000002,70.16277,87.01003,292.4831,29.715359999999997,37413.81
2022-02-28 05:42:07,18.452779999999997,25.99778,25.18055,70.16778000000001,86.97239,292.4344,29.785059999999998,37413.81
2022-02-28 05:43:07,20.67834,28.106109999999997,27.157220000000002,70.155,87.07885,292.3916,30.211440000000003,37413.81
2022-02-28 05:44:07,19.17278,27.281109999999998,27.033890000000003,70.325,87.07630999999999,292.3967,30.15454,37413.81
2022-02-28 05:45:07,18.14667,26.075,25.575,70.24388,87.04879,292.4519,29.704390000000004,37413.81
2022-02-28 05:46:07,18.37056,25.9,25.14722,70.19111,86.97118,292.4669,29.64675,37413.81
2022-02-28 05:47:07,20.657220000000002,28.09555,27.16,70.215,87.05882,292.3515,30.2242,37413.81
2022-02-28 05:48:07,19.10055,27.23222,27.002779999999998,70.32777,87.06508000000001,292.3529,30.161070000000002,37413.81
2022-02-28 05:49:07,18.12111,26.05944,25.56222,70.07333,87.12017,292.3354,29.67895,37413.81
2022-02-28 05:50:07,18.398889999999998,25.905,25.13167,70.14166999999999,86.98246,292.3826,29.658140000000003,37413.81
2022-02-28 05:51:07,20.68334,28.098340000000004,27.162779999999998,70.15222,87.10011,292.3454,30.15509,37413.81
2022-02-28 05:52:07,19.14944,27.235,26.97167,70.29333000000001,87.09756,292.3729,30.14888,37413.81
2022-02-28 05:53:07,18.09777,26.05167,25.57,70.18333,87.05256,292.288,29.741540000000004,37413.81
2022-02-28 05:54:07,18.47833,25.95111,25.15,70.105,86.96876999999999,292.3279,29.78027,37413.81
2022-02-28 05:55:07,20.68833,28.12667,27.17056,70.21223,87.08882,292.2874,30.19963,37413.81
2022-02-28 05:56:07,19.05667,27.16,26.912779999999998,70.28833,87.1151,292.2802,30.192459999999997,37413.81
2022-02-28 05:57:07,18.14167,26.093329999999998,25.58556,70.21223,87.05008000000001,292.308,29.754440000000002,37413.81
2022-02-28 05:58:07,18.44,25.99278,25.191110000000002,70.03166999999999,86.92990999999999,292.3716,29.677770000000002,37413.81
2022-02-28 05:59:07,20.68833,28.13167,27.19333,70.15723,87.08884,292.3229,30.324440000000003,37413.81
2022-02-28 06:00:07,19.14944,27.235,26.99778,70.26723,87.14015,292.3741,30.16634,37413.81
2022-02-28 06:01:07,18.14167,26.08556,25.59555,70.19389,87.13765,292.3677,29.81033,37413.81
2022-02-28 06:02:07,18.42944,25.97944,25.183329999999998,70.0211,87.02503,292.348,29.90435,37413.81
2022-02-28 06:03:07,20.71944,28.136670000000002,27.175559999999997,70.19111,87.09388,292.2864,30.24881,37413.81
2022-02-28 06:04:07,19.13389,27.219440000000002,26.98222,70.28278,87.1489,292.3228,30.19305,37413.81
2022-02-28 06:05:07,18.16222,26.09055,25.57222,70.215,87.08261,292.3556,29.797259999999998,37413.81
2022-02-28 06:06:07,18.50389,26.002779999999998,25.206670000000003,70.25668,86.99873000000001,292.3369,29.85407,37413.81
2022-02-28 06:07:07,20.706670000000003,28.136670000000002,27.198890000000002,70.19944,87.11513000000001,292.299,30.51245,37413.81
2022-02-28 06:08:07,19.15222,27.235,26.93334,70.29611,87.12645,292.3118,30.37482,37413.81
2022-02-28 06:09:07,18.13889,26.09055,25.593329999999998,70.165,87.08888,292.3843,29.85415,37413.81
2022-02-28 06:10:07,18.56833,26.03611,25.21667,70.165,86.98872,292.3781,29.67868,37413.81
2022-02-28 06:11:07,20.75778,28.206670000000003,27.278890000000004,70.17833,87.07009000000001,292.2818,30.26779,37413.81
2022-02-28 06:12:07,19.13111,27.22444,26.956670000000003,70.24388,87.12643,292.2928,30.34988,37413.81
2022-02-28 06:13:07,18.182779999999998,26.113889999999998,25.63167,70.23333000000001,87.05629,292.3377,29.842290000000002,37413.81
2022-02-28 06:14:07,18.386110000000002,25.956670000000003,25.206670000000003,70.055,86.97878,292.403,29.76078,37413.81
2022-02-28 06:15:07,20.64445,28.09555,27.142220000000002,70.16277,87.11768000000001,292.328,30.36673,37413.81
2022-02-28 06:16:07,19.37055,27.47445,27.18833,70.325,87.1302,292.3492,30.3311,37413.81
2022-02-28 06:17:07,18.165,26.12889,25.62167,70.19944,87.07765,292.3291,29.885340000000003,37413.81
2022-02-28 06:18:07,18.32667,25.87389,25.15,70.1311,87.03126,292.4241,29.80395,37413.81
2022-02-28 06:19:07,20.66778,28.100559999999998,27.11389,70.29111,87.14139,292.3555,30.38138,37413.81
2022-02-28 06:20:07,19.27778,27.35333,27.155,70.29611,87.13016999999999,292.3567,30.5313,37413.81
2022-02-28 06:21:07,18.13889,26.09556,25.63167,70.38499,87.12764,292.2915,30.004620000000003,37413.81
2022-02-28 06:22:07,18.40111,25.953889999999998,25.18055,70.26723,86.98246999999999,292.3204,29.892159999999997,37413.81
2022-02-28 06:23:07,20.69333,28.14722,27.175559999999997,70.16277,87.13641,292.3015,30.45001,37413.81
2022-02-28 06:24:07,19.07222,27.201109999999996,26.96167,70.28278,87.10638,292.2855,30.38151,37413.81
2022-02-28 06:25:07,18.10833,26.07222,25.57,70.23611,87.07758000000001,292.3344,29.898290000000003,37413.81
2022-02-28 06:26:07,18.50945,26.02111,25.19611,70.19389,86.96375,292.3591,29.98627,37413.81
2022-02-28 06:27:07,20.71944,28.15,27.175559999999997,70.18111,87.09389,292.2841,30.273609999999998,37413.81
2022-02-28 06:28:07,19.10833,27.20389,26.93833,70.33556,87.10139000000001,292.3078,30.268290000000004,37413.81
2022-02-28 06:29:07,18.12111,26.07222,25.58,70.25166999999999,87.05135,292.2992,29.678340000000002,37413.81
2022-02-28 06:30:07,18.48111,25.99778,25.206670000000003,70.02665999999999,87.01001,292.2703,29.848309999999998,37413.81
2022-02-28 06:31:07,20.68611,28.14722,27.16778,70.14944,87.07011,292.2343,30.38573,37413.81
2022-02-28 06:32:07,19.11611,27.229440000000004,26.97945,70.24112,87.08766,292.2088,30.330820000000003,37413.81
2022-02-28 06:33:07,18.12611,26.10333,25.613889999999998,70.27499,87.03374000000001,292.2239,29.89204,37413.81
2022-02-28 06:34:07,18.362779999999997,25.91778,25.15222,70.055,86.94491,292.3041,29.77242,37413.81
2022-02-28 06:35:07,20.62667,28.08278,27.155,70.14166999999999,87.0425,292.2531,30.363570000000003,37413.81
2022-02-28 06:36:07,19.355,27.407220000000002,27.15222,70.18888000000001,87.0388,292.2966,30.464129999999997,37413.81
2022-02-28 06:37:07,18.175,26.10333,25.60333,70.11,87.06007,292.3245,29.93645,37413.81
2022-02-28 06:38:07,18.27778,25.86111,25.16,70.20168000000001,86.97491,292.4157,29.897940000000002,37413.81
2022-02-28 06:39:07,20.61111,28.05445,27.09556,70.20944,87.08135,292.318,30.33053,37413.81
2022-02-28 06:40:07,19.34722,27.415,27.206670000000003,70.22556,87.13771,292.3191,30.29938,37413.81
2022-02-28 06:41:07,18.24944,26.134439999999998,25.65223,70.14668,87.08766999999999,292.2814,30.131190000000004,37413.81
2022-02-28 06:42:07,18.16222,25.82,25.170560000000002,70.13667,86.96746,292.2739,29.910629999999998,37413.81
2022-02-28 06:43:07,20.59834,28.036109999999997,27.06222,70.20444,87.04134,292.2944,30.33105,37413.81
2022-02-28 06:44:07,19.352220000000003,27.451109999999996,27.196109999999997,70.32777,87.10507,292.2754,30.2242,37413.81
2022-02-28 06:45:07,18.17278,26.10056,25.61111,70.23833,87.09514,292.2478,29.87983,37413.81
2022-02-28 06:46:07,18.13889,25.78111,25.12389,70.05778000000001,86.92241999999999,292.2955,29.88621,37413.81
2022-02-28 06:47:07,20.60611,28.00778,27.077779999999997,70.07333,87.04124,292.1964,30.28095,37413.81
2022-02-28 06:48:07,19.32667,27.430559999999996,27.18611,70.34333000000001,87.10136,292.2116,30.18052,37413.81
2022-02-28 06:49:08,18.16722,26.11611,25.59555,70.22778000000001,87.10635,292.3266,29.74107,37413.81
2022-02-28 06:50:08,18.14944,25.77889,25.093329999999998,70.105,87.00123,292.3369,29.817059999999998,37413.81
2022-02-28 06:51:08,20.58278,28.002779999999998,27.06222,70.09444,87.11513000000001,292.2241,30.60095,37413.81
2022-02-28 06:52:08,19.33944,27.45389,27.227220000000003,70.26222,87.14516,292.2529,30.45025,37413.81
2022-02-28 06:53:08,18.203329999999998,26.113889999999998,25.63944,70.17833,87.12518,292.308,29.93047,37413.81
2022-02-28 06:54:08,18.05667,25.745,25.093329999999998,70.20444,87.02628,292.2867,29.823240000000002,37413.81
2022-02-28 06:55:08,20.54167,27.99,27.023329999999998,70.0761,87.08881,292.2415,30.501040000000003,37413.81
2022-02-28 06:56:08,19.36,27.47445,27.25,70.19667,87.14523,292.2891,30.50072,37413.81
2022-02-28 06:57:08,18.21111,26.134439999999998,25.662779999999998,70.22,87.18647,292.2716,30.0424,37413.81
2022-02-28 06:58:08,18.075,25.76555,25.11889,70.07333,87.01878,292.2887,29.91757,37413.81
2022-02-28 06:59:08,20.575,27.977220000000003,27.036109999999997,69.97444,87.09136,292.214,30.33598,37413.81
2022-02-28 07:00:08,19.34722,27.446109999999997,27.17278,70.32777,87.16895,292.2786,30.406109999999998,37413.81
2022-02-28 07:01:08,18.182779999999998,26.12167,25.642220000000002,70.19667,87.14139,292.2379,30.167640000000002,37413.81
2022-02-28 07:02:08,18.07222,25.73222,25.12667,70.01334,87.04011,292.329,29.816979999999997,37413.81
2022-02-28 07:03:08,20.551660000000002,27.977220000000003,26.995,70.14944,87.14264,292.2177,30.55071,37413.81
2022-02-28 07:04:08,19.55056,27.636670000000002,27.35333,70.37444,87.20274,292.2718,30.32473,37413.81
2022-02-28 07:05:08,18.226670000000002,26.162779999999998,25.69889,70.14668,87.11768000000001,292.2465,30.23132,37413.81
2022-02-28 07:06:08,18.0,25.72945,25.14722,70.06055,86.96495999999999,292.2991,30.092859999999998,37413.81
2022-02-28 07:07:08,20.57222,27.96167,26.985,70.24889,87.09508000000001,292.239,30.5759,37413.81
2022-02-28 07:08:08,19.54,27.65,27.378890000000002,70.26999,87.11385,292.214,30.63298,37413.81
2022-02-28 07:09:08,18.19055,26.136670000000002,25.68056,70.14668,87.16518,292.1677,30.41173,37413.81
2022-02-28 07:10:08,17.98222,25.69889,25.10333,70.18611999999999,86.94118,292.2566,30.02409,37413.81
2022-02-28 07:11:08,20.53889,27.94333,26.99,70.14444,87.04505999999999,292.1191,30.470209999999998,37413.81
2022-02-28 07:12:08,19.66333,27.72167,27.412779999999998,70.23833,87.06126,292.2118,30.481540000000003,37413.81
2022-02-28 07:13:08,18.23167,26.18056,25.752779999999998,70.165,87.10387,292.1318,30.438290000000002,37413.81
2022-02-28 07:14:08,17.91778,25.691110000000002,25.14722,70.06333000000001,86.97744,292.1777,29.87347,37413.81
2022-02-28 07:15:08,20.51833,27.933329999999998,26.93334,70.17056,87.0401,292.1401,30.28868,37413.81
2022-02-28 07:16:08,19.71,27.81445,27.50556,70.28833,87.00743,292.2404,30.28058,37413.81
2022-02-28 07:17:08,18.20056,26.16778,25.71167,70.29333000000001,87.06754000000001,292.2806,30.16814,37413.81
2022-02-28 07:18:08,17.85889,25.642220000000002,25.136670000000002,70.00833,86.92993,292.2905,29.685440000000003,37413.81
2022-02-28 07:19:08,20.46444,27.861109999999996,26.87667,70.12055,87.06633000000001,292.209,30.14345,37413.81
2022-02-28 07:20:08,19.622220000000002,27.71667,27.4,70.325,87.07760999999999,292.2227,30.394140000000004,37413.81
2022-02-28 07:21:08,18.15944,26.12389,25.691110000000002,70.14444,87.04758000000001,292.1466,30.24943,37413.81
2022-02-28 07:22:08,17.887220000000003,25.63167,25.12167,69.94278,86.93623000000001,292.249,29.71003,37413.81
2022-02-28 07:23:08,20.477220000000003,27.894440000000003,26.89722,70.12611,87.03011,292.1763,30.29375,37413.81
2022-02-28 07:24:08,19.476110000000002,27.60333,27.34055,70.28833,87.04375,292.1715,30.12567,37413.81
2022-02-28 07:25:08,18.18556,26.12389,25.670560000000002,70.25668,87.05885,292.2002,30.21197,37413.81
2022-02-28 07:26:08,17.91055,25.63944,25.046670000000002,70.00833,86.96996999999999,292.1824,29.722920000000002,37413.81
2022-02-28 07:27:08,20.49278,27.9,26.93334,70.00833,86.98875,292.1441,30.248659999999997,37413.81
2022-02-28 07:28:08,19.511670000000002,27.60333,27.33,70.24889,87.04375,292.1466,30.262459999999997,37413.81
2022-02-28 07:29:08,18.17278,26.12667,25.67278,70.0761,87.06132,292.1555,30.13247,37413.81
2022-02-28 07:30:08,18.002779999999998,25.68611,25.07,70.09166,86.8873,292.2417,29.566440000000004,37413.81
2022-02-28 07:31:08,20.52111,27.915,26.97945,69.98722,86.99243,292.1412,30.205759999999998,37413.81
2022-02-28 07:32:08,19.52722,27.61611,27.31445,70.25444,87.04136,292.1891,30.2258,37413.81
2022-02-28 07:33:08,18.18556,26.15,25.68334,70.165,87.0926,292.1788,29.8487,37413.81
2022-02-28 07:34:08,18.02111,25.703889999999998,25.113889999999998,69.95834,86.94745999999999,292.1652,29.716490000000004,37413.81
2022-02-28 07:35:08,20.60056,27.99278,26.99278,70.13667,87.05888,292.1263,30.156109999999998,37413.81
2022-02-28 07:36:08,19.39333,27.51333,27.281109999999998,70.26222,87.04382,292.1575,30.23863,37413.81
2022-02-28 07:37:08,18.203329999999998,26.14444,25.67278,70.10223,87.02501,292.1026,30.324640000000002,37413.81
2022-02-28 07:38:08,18.01556,25.71167,25.08,70.14166999999999,86.92121,292.1764,29.76093,37413.81
2022-02-28 07:39:08,20.54167,27.96167,26.995,70.22,87.01878,292.0975,30.19378,37413.81
2022-02-28 07:40:08,19.578889999999998,27.665,27.389440000000004,70.17833,87.07005,292.1664,30.16215,37413.81
2022-02-28 07:41:08,18.226670000000002,26.15222,25.71445,70.14668,87.09889,292.1464,30.224940000000004,37413.81
2022-02-28 07:42:08,17.99278,25.70889,25.13167,70.03944,86.96114,292.2076,29.59132,37413.81
2022-02-28 07:43:08,20.53611,27.956670000000003,27.0,69.93777,87.0,292.1417,30.225379999999998,37413.81
2022-02-28 07:44:08,19.61722,27.71166,27.42056,70.31944,87.09013,292.1889,30.1438,37413.81
2022-02-28 07:45:08,18.29055,26.203889999999998,25.735,70.23833,87.10261,292.1573,29.999309999999998,37413.81
2022-02-28 07:46:08,17.92555,25.691110000000002,25.12389,70.23055,86.95492,292.1599,29.584359999999997,37413.81
2022-02-28 07:47:08,20.43611,27.848329999999997,26.9,70.06333000000001,87.03130999999999,292.1676,30.137620000000002,37413.81
2022-02-28 07:48:08,19.70722,27.773329999999998,27.446109999999997,70.24388,87.08761,292.2117,30.18635,37413.81
2022-02-28 07:49:08,18.157220000000002,26.12167,25.68056,70.06333000000001,87.06007,292.2227,30.169,37413.81
2022-02-28 07:50:11,18.06444,25.74778,25.11111,70.09722,86.985,292.2216,29.76645,37413.81
2022-02-28 07:51:11,20.58556,28.002779999999998,27.021109999999997,70.14444,87.11017,292.2089,30.255840000000003,37413.81
2022-02-28 07:52:11,19.329439999999998,27.43833,27.19333,70.26444000000001,87.15897,292.2278,30.275,37413.81
2022-02-28 07:53:11,18.18556,26.07222,25.58556,70.17278,87.14522,292.1979,29.7165,37413.81
2022-02-28 07:54:11,18.203329999999998,25.796670000000002,25.10833,70.13889,86.9612,292.2289,29.77362,37413.81
2022-02-28 07:55:11,20.61111,28.05445,27.08,70.04723,87.05885,292.2118,30.306070000000002,37413.81
2022-02-28 07:56:11,19.26,27.37167,27.111109999999996,70.19944,87.159,292.1599,30.39428,37413.81
2022-02-28 07:57:11,18.182779999999998,26.113889999999998,25.58278,70.17833,87.18654000000001,292.1613,29.96175,37413.81
2022-02-28 07:58:11,18.331670000000003,25.89722,25.15,70.00555,87.01623000000001,292.189,29.96213,37413.81
2022-02-28 07:59:11,20.65223,28.08278,27.093329999999998,70.10223,87.15267,292.1228,30.469440000000002,37413.81
2022-02-28 08:00:11,19.27778,27.368890000000004,27.05167,70.30667,87.25649,292.1501,30.40036,37413.81
2022-02-28 08:01:11,18.18,26.09055,25.58778,70.16778000000001,87.12141,292.1416,29.97447,37413.81
2022-02-28 08:02:11,18.36,25.953889999999998,25.191110000000002,70.08389,86.92996,292.1362,29.89844,37413.81
2022-02-28 08:03:11,20.74,28.14445,27.18611,70.16,87.13642,292.0882,30.48234,37413.81
2022-02-28 08:04:11,19.24944,27.34556,27.028890000000004,70.30389,87.14771,292.1164,30.313229999999997,37413.81
2022-02-28 08:05:11,18.157220000000002,26.10333,25.577779999999997,70.09166,87.1276,292.0836,29.79239,37413.81
2022-02-28 08:06:11,18.476110000000002,26.02111,25.22944,70.0,86.97746,292.1414,30.04904,37413.81
2022-02-28 08:07:11,20.73722,28.180559999999996,27.235,70.11278,87.05003,292.0802,30.34419,37413.81
2022-02-28 08:08:11,19.23667,27.335559999999997,27.033890000000003,70.35889,87.13393,292.0388,30.16835,37413.81
2022-02-28 08:09:11,18.12889,26.113889999999998,25.58778,70.19389,87.16268000000001,292.0785,29.860020000000002,37413.81
2022-02-28 08:10:11,18.52222,26.01333,25.227220000000003,70.07333,86.97616,292.1228,30.05595,37413.81
2022-02-28 08:11:11,20.75556,28.201109999999996,27.23722,70.14166999999999,87.18018000000001,292.0713,30.39418,37413.81
2022-02-28 08:12:11,19.23167,27.309440000000002,27.04389,70.27499,87.14145,292.1879,30.35572,37413.81
2022-02-28 08:13:11,18.13111,26.098329999999997,25.61889,70.165,87.10139000000001,292.1566,29.86102,37413.81
2022-02-28 08:14:11,18.545,26.05445,25.25,70.19111,87.04500999999999,292.1816,29.94267,37413.81
2022-02-28 08:15:11,20.76555,28.175559999999997,27.24,70.24388,87.14146,292.0624,30.526059999999998,37413.81
2022-02-28 08:16:11,19.21611,27.29167,26.98222,70.46110999999999,87.21403000000001,292.1814,30.412679999999998,37413.81
2022-02-28 08:17:11,18.10833,26.09055,25.61111,70.18888000000001,87.12893000000001,292.1866,29.953440000000004,37413.81
2022-02-28 08:18:11,18.599439999999998,26.10056,25.25,70.16277,86.99497,292.1711,30.011540000000004,37413.81
2022-02-28 08:19:11,20.77889,28.21167,27.26333,70.23055,87.18522,292.1065,30.532529999999998,37413.81
2022-02-28 08:20:11,19.20055,27.283890000000003,27.021109999999997,70.32223,87.22403,292.1491,30.64718,37413.81
2022-02-28 08:21:11,18.136670000000002,26.10611,25.59555,70.18611999999999,87.16145,292.1401,30.074990000000003,37413.81
2022-02-28 08:22:11,18.648329999999998,26.136670000000002,25.25555,70.19111,87.09512,292.1953,29.98038,37413.81
2022-02-28 08:23:11,20.78889,28.26555,27.34055,70.18333,87.22029,292.1152,30.40537,37413.81
2022-02-28 08:24:11,19.07722,27.180559999999996,26.87667,70.27778,87.22525,292.1087,30.607409999999998,37413.81
2022-02-28 08:25:11,18.10555,26.08,25.58556,70.40888000000001,87.17149,292.1492,30.02357,37413.81
2022-02-28 08:26:11,18.74833,26.19889,25.30444,70.14668,87.09514,292.1878,30.07402,37413.81
2022-02-28 08:27:11,20.83,28.273329999999998,27.343329999999998,70.26222,87.27539,292.1789,30.53177,37413.81
2022-02-28 08:28:11,19.09778,27.19111,26.85833,70.49221999999999,87.26531999999999,292.1487,30.567429999999998,37413.81
2022-02-28 08:29:11,18.07222,26.07,25.58,70.31944,87.17021,292.1914,30.05927,37413.81
2022-02-28 08:30:11,18.86944,26.32,25.38944,70.18333,87.16145,292.2016,30.073290000000004,37413.81
2022-02-28 08:31:11,20.89445,28.325,27.39722,70.39556,87.2227,292.1564,30.6255,37413.81
2022-02-28 08:32:11,18.95167,27.06445,26.76833,70.4639,87.31911,292.1353,30.625809999999998,37413.81
2022-02-28 08:33:11,18.023329999999998,26.02334,25.56222,70.22778000000001,87.22034000000001,292.2191,30.08052,37413.81
2022-02-28 08:34:11,19.08278,26.47444,25.50556,70.20721999999999,87.12013,292.2602,30.048609999999996,37413.81
2022-02-28 08:35:11,20.91,28.39445,27.5,70.23611,87.23035,292.2165,30.531879999999997,37413.81
2022-02-28 08:36:11,18.95167,27.06222,26.79167,70.39056,87.30413,292.2338,30.54405,37413.81
2022-02-28 08:37:11,18.06222,26.03389,25.59834,70.26723,87.18521,292.338,29.91763,37413.81
2022-02-28 08:38:11,19.10833,26.54945,25.55945,70.20944,87.1226,292.2954,30.02947,37413.81
2022-02-28 08:39:11,20.94333,28.412779999999998,27.49778,70.28556,87.25907,292.2228,30.43758,37413.81
2022-02-28 08:40:11,18.94389,27.036109999999997,26.76833,70.33556,87.32288,292.2691,30.600140000000003,37413.81
2022-02-28 08:41:11,18.03889,26.002779999999998,25.58,70.27778,87.12891,292.3506,30.01125,37413.81
2022-02-28 08:42:11,19.24944,26.642220000000002,25.62667,70.14668,87.1239,292.274,30.105140000000002,37413.81
2022-02-28 08:43:11,21.01056,28.48722,27.598340000000004,70.37222,87.33421,292.2128,30.56261,37413.81
2022-02-28 08:44:11,18.86944,26.98722,26.696109999999997,70.44556,87.27403000000001,292.2538,30.61229,37413.81
2022-02-28 08:45:11,18.023329999999998,25.99,25.58278,70.25166999999999,87.13771,292.2701,29.99203,37413.81
2022-02-28 08:46:11,19.31111,26.71167,25.727220000000003,70.20944,87.0776,292.2654,30.186290000000003,37413.81
2022-02-28 08:47:11,21.04167,28.49,27.639440000000004,70.49001,87.25903000000001,292.1765,30.53156,37413.81
2022-02-28 08:48:11,18.86166,26.946109999999997,26.680559999999996,70.30112,87.22028,292.2715,30.54986,37413.81
2022-02-28 08:49:11,18.03111,25.977220000000003,25.54389,70.33556,87.13391999999999,292.3017,30.00409,37413.81
2022-02-28 08:50:11,19.40889,26.765559999999997,25.76056,70.21777,87.1377,292.2865,29.97245,37413.81
2022-02-28 08:51:11,21.07,28.538890000000002,27.662779999999998,70.22778000000001,87.23909,292.2201,30.61291,37413.81
2022-02-28 08:52:11,18.81,26.912779999999998,26.67278,70.29333000000001,87.24028,292.2077,30.7065,37413.81
2022-02-28 08:53:11,18.00556,26.0,25.60056,70.20168000000001,87.08139,292.2877,30.18495,37413.81
2022-02-28 08:54:11,19.37278,26.73722,25.77611,70.21777,87.08632,292.295,30.079390000000004,37413.81
2022-02-28 08:55:11,21.03111,28.51833,27.655,70.43723,87.2553,292.2199,30.61106,37413.81
2022-02-28 08:56:11,18.75333,26.87667,26.606109999999997,70.29611,87.25777,292.2491,30.756629999999998,37413.81
2022-02-28 08:57:11,18.00778,25.94889,25.55945,70.29888000000001,87.0714,292.3781,30.0619,37413.81
2022-02-28 08:58:11,19.32166,26.69111,25.68334,70.38223,87.035,292.3078,30.07358,37413.81
2022-02-28 08:59:11,21.02334,28.48722,27.59555,70.41889,87.23536999999999,292.2496,30.40598,37413.81
2022-02-28 09:00:11,18.83555,26.93833,26.69111,70.55778000000001,87.2015,292.3092,30.63042,37413.81
2022-02-28 09:01:11,17.99778,25.98222,25.577779999999997,70.40055,87.10263,292.3664,30.110770000000002,37413.81
2022-02-28 09:02:11,19.175,26.56222,25.613889999999998,70.26444000000001,87.09385,292.3466,30.055809999999997,37413.81
2022-02-28 09:03:11,20.97167,28.44333,27.559440000000002,70.28556,87.24274,292.3103,30.51183,37413.81
2022-02-28 09:04:11,18.933329999999998,27.04167,26.74,70.55,87.26907,292.3617,30.506809999999998,37413.81
2022-02-28 09:05:11,18.06444,26.06222,25.63167,70.35611,87.23899,292.373,30.08578,37413.81
2022-02-28 09:06:11,18.94389,26.356109999999997,25.44333,70.30667,87.07511,292.3878,30.0605,37413.81
2022-02-28 09:07:11,20.88944,28.343329999999998,27.44111,70.47667,87.24025,292.2927,30.5113,37413.81
2022-02-28 09:08:11,19.136670000000002,27.180559999999996,26.89445,70.46110999999999,87.27280999999999,292.3579,30.505770000000002,37413.81
2022-02-28 09:09:11,18.19055,26.162779999999998,25.69333,70.25444,87.18027,292.3088,29.847309999999997,37413.81
2022-02-28 09:10:11,18.61722,26.09556,25.30944,70.29611,87.04505999999999,292.3343,29.890729999999998,37413.81
2022-02-28 09:11:11,20.79945,28.281109999999998,27.34556,70.35889,87.2528,292.2629,30.543159999999997,37413.81
2022-02-28 09:12:11,19.247220000000002,27.31445,27.06445,70.54500999999999,87.24157,292.3155,30.317090000000004,37413.81
2022-02-28 09:13:11,18.226670000000002,26.12889,25.71445,70.31944,87.13145,292.3843,29.91637,37413.81
2022-02-28 09:14:11,19.91778,27.27334,26.288890000000002,70.34555,87.13016999999999,292.3978,30.110670000000002,37413.81
2022-02-28 09:15:11,21.20889,28.786109999999997,27.97167,70.47389,87.32285,292.3216,30.618290000000002,37413.81
2022-02-28 09:16:11,18.72778,26.73722,26.36389,70.45555999999999,87.24908,292.3477,30.468490000000003,37413.81
2022-02-28 09:17:11,18.09555,26.01333,25.57222,70.29111,87.08131999999999,292.4343,30.085790000000003,37413.81
2022-02-28 09:18:11,19.941110000000002,27.29389,26.281109999999998,70.37444,87.11884,292.3931,30.12922,37413.81
2022-02-28 09:19:11,21.12667,28.719440000000002,27.92555,70.47667,87.25656,292.3566,30.57453,37413.81
2022-02-28 09:20:11,18.69944,26.69333,26.36389,70.29611,87.21774,292.3477,30.53122,37413.81
2022-02-28 09:21:11,18.04389,25.95111,25.57222,70.28833,87.09132,292.4104,30.154490000000003,37413.81
2022-02-28 09:22:11,19.70722,27.072229999999998,26.07,70.34834000000001,87.06512,292.4142,30.17965,37413.81
2022-02-28 09:23:11,21.14444,28.642220000000002,27.786109999999997,70.53667,87.16646,292.3588,30.65574,37413.81
2022-02-28 09:24:11,18.71,26.77611,26.51333,70.605,87.2891,292.3293,30.800259999999998,37413.81
2022-02-28 09:25:11,18.01556,25.95889,25.55445,70.44556,87.1427,292.4157,30.129140000000003,37413.81
2022-02-28 09:26:11,20.634439999999998,28.028890000000004,27.05722,70.54222,87.22527,292.4005,30.813190000000002,37413.81
2022-02-28 09:27:11,20.03611,28.13167,27.86389,70.59722,87.31667,292.399,30.84365,37413.81
2022-02-28 09:28:11,18.445,26.46667,26.093329999999998,70.52665999999999,87.26032,292.4092,30.743029999999997,37413.81
2022-02-28 09:29:11,17.87445,25.85056,25.49778,70.35611,87.09004,292.4621,30.01622,37413.81
2022-02-28 09:30:11,20.47944,27.886670000000002,26.930559999999996,70.29611,87.22281,292.442,30.523509999999998,37413.81
2022-02-28 09:31:11,20.17833,28.27611,27.87667,70.52389000000001,87.3354,292.4316,30.555640000000004,37413.81
2022-02-28 09:32:11,18.42445,26.510559999999998,26.12389,70.57111,87.32294,292.4293,30.64886,37413.81
2022-02-28 09:33:11,17.87445,25.88445,25.474439999999998,70.43222,87.11758,292.4868,30.053659999999997,37413.81
2022-02-28 09:34:11,20.26555,27.66,26.701109999999996,70.39556,87.18148000000001,292.443,30.48005,37413.81
2022-02-28 09:35:11,20.49,28.458890000000004,27.90222,70.51334,87.30161,292.4329,30.59913,37413.81
2022-02-28 09:36:11,18.517220000000002,26.554440000000003,26.157220000000002,70.40611,87.31291,292.3917,30.23495,37413.81
2022-02-28 09:37:11,18.72,26.29944,25.56222,70.35388,87.18649,292.4666,30.241870000000002,37413.81
2022-02-28 09:38:11,21.06445,28.528890000000004,27.61389,70.68333,87.34039,292.4619,30.492140000000003,37413.81
2022-02-28 09:39:11,19.447779999999998,27.51333,27.26833,70.59722,87.38296,292.5268,30.53009,37413.81
2022-02-28 09:40:11,18.39611,26.378890000000002,25.915,70.57889,87.3867,292.5343,30.2534,37413.81
2022-02-28 09:41:11,18.52222,26.12167,25.48222,70.40334,87.25278,292.5367,29.93378,37413.81
2022-02-28 09:42:11,20.920560000000002,28.327779999999997,27.45389,70.47667,87.35669,292.5095,30.39834,37413.81
2022-02-28 09:43:11,19.50667,27.531109999999998,27.29167,70.64667,87.40924,292.5194,30.385640000000002,37413.81
2022-02-28 09:44:11,18.352220000000003,26.291659999999997,25.892220000000002,70.58667,87.37299,292.4744,30.097309999999997,37413.81
2022-02-28 09:45:11,18.203329999999998,25.89722,25.37389,70.53944,87.19775,292.5707,29.84634,37413.81
2022-02-28 09:46:11,20.727220000000003,28.175559999999997,27.31222,70.50278,87.42305,292.5045,30.78067,37413.81
2022-02-28 09:47:11,19.64278,27.72444,27.60833,70.605,87.48815,292.493,30.867690000000003,37413.81
2022-02-28 09:48:11,18.37056,26.37167,26.077779999999997,70.49221999999999,86.98869,292.3378,30.743129999999997,37413.81
2022-02-28 09:49:11,17.82056,25.78611,25.49278,70.50278,86.69205,292.3039,30.114009999999997,37413.81
2022-02-28 09:50:11,20.53889,27.969440000000002,27.11389,70.36667,86.83606999999999,292.3441,30.704320000000003,37413.81
2022-02-28 09:51:11,19.96944,28.10833,27.86611,70.48722,86.71963000000001,292.3326,30.69225,37413.81
2022-02-28 09:52:11,18.43222,26.521109999999997,26.227220000000003,70.58945,86.66587,292.3643,30.567079999999997,37413.81
2022-02-28 09:53:11,17.82555,25.886670000000002,25.54167,70.42166999999999,86.5144,292.4539,30.184420000000003,37413.81
2022-02-28 09:54:11,20.30167,27.701109999999996,26.783890000000003,70.36389,86.49684,292.5318,30.679740000000002,37413.81
2022-02-28 09:55:11,20.55722,28.538890000000002,28.028890000000004,70.61001,86.59823,292.5393,30.59791,37413.81
2022-02-28 09:56:11,18.63278,26.665,26.325,70.50278,86.52316,292.5995,30.580070000000003,37413.81
2022-02-28 09:57:11,18.07222,26.03611,25.63167,70.58166999999999,86.31664,292.7058,30.26537,37413.81
2022-02-28 09:58:11,20.06444,27.49278,26.567220000000002,70.48222,86.22148,292.7185,30.076929999999997,37413.81
2022-02-28 09:59:11,21.09055,28.74778,28.04944,70.55,86.40046,292.7334,30.603890000000003,37413.81
2022-02-28 10:00:11,18.78444,26.79389,26.495,70.53445,86.32038,292.7421,30.67163,37413.81
2022-02-28 10:01:11,18.13389,26.03611,25.69889,70.58166999999999,86.10387,292.8965,30.133770000000002,37413.81
2022-02-28 10:02:11,19.72,27.14722,26.229440000000004,70.52889,86.03758,292.9799,30.13468,37413.81
2022-02-28 10:03:11,21.21444,28.74,28.023329999999998,70.63889,86.1965,292.9949,30.66548,37413.81
2022-02-28 10:04:11,18.761110000000002,26.83278,26.662779999999998,70.57333,86.18774,293.0213,30.779809999999998,37413.81
2022-02-28 10:05:11,18.03889,26.06445,25.79945,70.53944,86.01001,293.1912,30.208890000000004,37413.81
2022-02-28 10:06:11,19.345,26.778890000000004,25.886670000000002,70.4639,85.95618,293.249,30.27765,37413.81
2022-02-28 10:07:11,21.093329999999998,28.618890000000004,27.827779999999997,70.51833,86.12019000000001,293.2531,30.6419,37413.81
2022-02-28 10:08:11,19.01333,27.206670000000003,26.956670000000003,70.65222,86.13521,293.3267,30.57273,37413.81
2022-02-28 10:09:11,18.18778,26.245,25.92556,70.52889,85.95125,293.4531,30.202070000000003,37413.81
2022-02-28 10:10:11,20.37667,27.75777,26.83278,70.53445,85.97612,293.5266,30.7163,37413.81
2022-02-28 10:11:11,20.843329999999998,28.809440000000002,28.25556,70.73056,86.14272,293.5202,30.792379999999998,37413.81
2022-02-28 10:12:11,18.75611,26.83278,26.51333,70.75945,86.03129,293.6606,30.72895,37413.81
2022-02-28 10:13:11,18.16722,26.16,25.817220000000002,70.59167,85.96114,293.7233,30.208409999999997,37413.81
2022-02-28 10:14:11,20.12889,27.56222,26.67278,70.67278,85.91364,293.7209,30.433559999999996,37413.81
2022-02-28 10:15:11,21.14722,28.86389,28.206670000000003,70.76722,85.98493,293.6895,30.85347,37413.81
2022-02-28 10:16:11,18.80722,26.85333,26.60055,70.81721999999999,85.96368000000001,293.7545,30.67827,37413.81
2022-02-28 10:17:11,18.15944,26.136670000000002,25.822229999999998,70.78056,85.80473,293.756,30.34028,37413.81
2022-02-28 10:18:11,19.781670000000002,27.214440000000003,26.291659999999997,70.66,85.76095,293.8321,30.377570000000002,37413.81
2022-02-28 10:19:11,21.25778,28.825,28.046670000000002,70.72,85.89738,293.7684,30.8909,37413.81
2022-02-28 10:20:11,18.81778,26.97167,26.79944,70.84055,85.86115,293.835,31.010759999999998,37413.81
2022-02-28 10:21:11,18.11833,26.17834,25.92833,70.775,85.72721999999999,293.9311,30.188840000000003,37413.81
2022-02-28 10:22:11,19.386110000000002,26.85333,26.03389,70.70444,85.66712,293.9075,30.37176,37413.81
2022-02-28 10:23:11,21.155,28.693340000000003,27.94111,70.89056,85.86362,293.9251,31.135640000000002,37413.81
2022-02-28 10:24:11,19.05944,27.27334,27.06445,70.91111,85.87359000000001,293.9685,30.89132,37413.81
2022-02-28 10:25:11,18.25722,26.33,26.02889,70.83,85.73719,294.044,30.33323,37413.81
2022-02-28 10:26:11,18.86666,26.425559999999997,25.71667,70.71778,85.68214,294.1362,30.370490000000004,37413.81
2022-02-28 10:27:11,21.04389,28.577779999999997,27.788890000000002,70.91666,85.86237,294.0525,30.935879999999997,37413.81
2022-02-28 10:28:11,19.452779999999997,27.56444,27.343329999999998,70.995,85.79725,294.1501,30.87255,37413.81
2022-02-28 10:29:11,18.49889,26.510559999999998,26.13167,70.90889,85.77971,294.1678,30.439890000000002,37413.81
2022-02-28 10:30:11,18.308889999999998,26.07222,25.655,70.69945,85.65958,294.1804,30.39625,37413.81
2022-02-28 10:31:11,20.817220000000002,28.37667,27.577779999999997,70.83278,85.73723000000001,294.1841,30.88532,37413.81
2022-02-28 10:32:11,19.65333,27.796670000000002,27.665,70.99,85.70591999999999,294.2214,30.765290000000004,37413.81
2022-02-28 10:33:11,18.36555,26.458890000000004,26.203889999999998,70.88223,85.70461,294.3167,30.859659999999998,37413.81
2022-02-28 10:34:11,17.89722,25.912779999999998,25.63167,70.87722,85.54191,294.358,30.3119,37413.81
2022-02-28 10:35:11,20.59834,28.142220000000002,27.325,70.73833,85.61192,294.2906,30.87892,37413.81
2022-02-28 10:36:11,20.01556,28.252779999999998,28.06222,70.90055,85.65705,294.3214,30.94721,37413.81
2022-02-28 10:37:11,18.49111,26.644440000000003,26.412779999999998,70.93222,85.68212,294.3492,30.94101,37413.81
2022-02-28 10:38:11,17.96667,26.075,25.78889,70.95834,85.50822,294.4853,30.58983,37413.81
2022-02-28 10:39:11,20.343329999999998,27.82222,26.99278,70.85889,85.49691,294.4443,30.915709999999997,37413.81
2022-02-28 10:40:11,20.706670000000003,28.698890000000002,28.260559999999998,71.10221999999999,85.72213,294.5047,31.06565,37413.81
2022-02-28 10:41:11,18.740560000000002,26.848340000000004,26.54945,71.0,85.72844,294.5605,31.051809999999996,37413.81
2022-02-28 10:42:11,18.175,26.19889,25.87667,70.85389,85.48183,294.6121,30.445220000000003,37413.81
2022-02-28 10:43:11,20.02889,27.51833,26.639440000000004,70.91111,85.39798,294.557,30.31867,37413.81
2022-02-28 10:44:11,21.25,28.915,28.235,71.045,85.57826,294.5995,31.021929999999998,37413.81
2022-02-28 10:45:11,18.89722,27.00556,26.783890000000003,71.04222,85.64199,294.5969,30.889709999999997,37413.81
2022-02-28 10:46:11,18.20056,26.21667,25.98722,71.07333,85.48934,294.6785,30.331540000000004,37413.81
2022-02-28 10:47:11,19.66889,27.165,26.309440000000002,70.98721,85.45933000000001,294.6858,30.40767,37413.81
2022-02-28 10:48:11,21.27111,28.861109999999996,28.15,71.00555,85.51815,294.6696,31.065340000000003,37413.81
2022-02-28 10:49:11,18.9,27.12167,27.028890000000004,71.03445,85.61452,294.7048,30.957140000000003,37413.81
2022-02-28 10:50:11,18.19333,26.327779999999997,26.09556,71.01055,85.63327,294.8135,30.35688,37413.81
2022-02-28 10:51:11,19.182779999999998,26.714440000000003,25.96444,70.87444,85.67708,294.8697,30.2127,37413.81
2022-02-28 10:52:11,21.142220000000002,28.693340000000003,27.96167,71.05,85.93111999999999,294.7924,30.74578,37413.81
2022-02-28 10:53:11,19.27778,27.49278,27.31222,71.105,86.02008000000001,294.8159,30.763820000000003,37413.81
2022-02-28 10:54:11,18.40389,26.510559999999998,26.206670000000003,70.94278,85.94865,294.7997,30.2688,37413.81
2022-02-28 10:55:11,18.59389,26.283890000000003,25.71445,70.91889,85.92743,294.7761,30.29307,37413.81
2022-02-28 10:56:11,20.941110000000002,28.50555,27.752779999999998,70.94,86.03248,294.7185,30.901759999999996,37413.81
2022-02-28 10:57:11,19.62,27.74778,27.58278,71.07333,86.16026,294.6859,31.069770000000002,37413.81
2022-02-28 10:58:11,18.50945,26.546670000000002,26.26333,71.09166,86.22274,294.632,31.30378,37413.81
2022-02-28 10:59:11,18.10833,26.00555,25.69889,70.94778000000001,86.03002,294.6594,30.58813,37413.81
2022-02-28 11:00:11,20.773329999999998,28.325,27.554440000000003,70.89056,86.15151999999999,294.6007,30.98337,37413.81
2022-02-28 11:01:11,19.805,28.00778,27.889440000000004,71.13389000000001,86.27039,294.577,31.05213,37413.81
2022-02-28 11:02:11,18.47833,26.60055,26.407220000000002,71.17833,86.1965,294.5929,30.81852,37413.81
2022-02-28 11:03:11,17.9,26.02611,25.81445,70.92944,86.0388,294.5894,30.299590000000002,37413.81
2022-02-28 11:04:11,20.51334,28.023329999999998,27.23222,70.96889,86.12510999999999,294.4356,30.9397,37413.81
2022-02-28 11:05:11,20.273329999999998,28.464440000000003,28.19111,71.02667,86.26155,294.4219,30.749979999999997,37413.81
2022-02-28 11:06:11,18.64555,26.79389,26.56445,70.97666,86.22155,294.3941,30.73873,37413.81
2022-02-28 11:07:11,18.08,26.19334,25.915,71.00555,86.19149,294.3584,30.39967,37413.81
2022-02-28 11:08:11,20.31222,27.773329999999998,26.96445,70.86667,86.09015,294.3168,30.845059999999997,37413.81
2022-02-28 11:09:11,20.915,28.848340000000004,28.31445,71.01611,86.42052,294.2505,30.92584,37413.81
2022-02-28 11:10:11,18.86166,26.93334,26.662779999999998,71.18889,86.37295999999999,294.2165,30.93907,37413.81
2022-02-28 11:11:11,18.21389,26.219440000000002,25.90222,70.935,86.28412,294.3154,30.362340000000003,37413.81
2022-02-28 11:12:11,19.96167,27.433329999999998,26.611109999999996,70.935,86.20278,294.2115,30.48135,37413.81
2022-02-28 11:13:11,21.28389,28.964440000000003,28.27611,70.94556,86.42303000000001,294.1675,31.1323,37413.81
2022-02-28 11:14:11,18.86944,27.0,26.868890000000004,70.97166,86.43053,294.0915,30.72338,37413.81
2022-02-28 11:15:11,18.22389,26.26333,26.02111,71.01611,86.21777,294.1313,30.21834,37413.81
2022-02-28 11:16:11,19.52444,27.021109999999997,26.203889999999998,70.80389,86.18896,294.0635,30.33152,37413.81
2022-02-28 11:17:11,21.25,28.809440000000002,28.085559999999997,70.91889,86.4105,294.0149,30.932470000000002,37413.81
2022-02-28 11:18:11,19.0,27.227220000000003,27.093329999999998,70.97389,86.4931,294.0439,30.90734,37413.81
2022-02-28 11:19:11,18.26778,26.4,26.16778,70.91889,86.45176,294.0549,30.36147,37413.81
2022-02-28 11:20:11,19.09556,26.62167,25.9,70.83,86.32292,294.0538,30.466590000000004,37413.81
2022-02-28 11:21:11,21.14722,28.693340000000003,27.946109999999997,70.94556,86.47551999999999,293.9633,30.794390000000003,37413.81
2022-02-28 11:22:11,19.41945,27.59555,27.415,71.04222,86.52441,294.03,30.67507,37413.81
2022-02-28 11:23:11,18.50389,26.56222,26.24,71.01055,86.4731,293.9625,30.20818,37413.81
2022-02-28 11:24:11,18.54278,26.271109999999997,25.78111,70.85611,86.30034,294.0103,30.267879999999998,37413.81
2022-02-28 11:25:11,20.977220000000003,28.50555,27.72444,70.86388000000001,86.43675999999999,293.8634,30.92118,37413.81
2022-02-28 11:26:11,19.69944,27.81445,27.655,71.01334,86.58205,293.8935,30.76284,37413.81
2022-02-28 11:27:11,18.54278,26.554440000000003,26.29389,70.90334,86.55825,293.8974,30.85795,37413.81
2022-02-28 11:28:11,18.06222,26.00778,25.80444,70.74389000000001,86.39551,293.9424,30.279559999999996,37413.81
2022-02-28 11:29:14,20.863889999999998,28.34556,27.56444,70.84334,86.46177,293.8587,30.76837,37413.81
2022-02-28 11:30:14,19.77666,27.91,27.817220000000002,71.07333,86.55435,293.8646,30.9453,37413.81
2022-02-28 11:31:14,18.473329999999997,26.55722,26.33778,70.92166,86.55948000000001,293.8649,30.86437,37413.81
2022-02-28 11:32:14,17.91556,25.974439999999998,25.78889,70.76444000000001,86.49178,293.9586,30.223259999999996,37413.81
2022-02-28 11:33:14,20.58556,28.07,27.278890000000004,70.75667,86.55566,293.9135,30.7265,37413.81
2022-02-28 11:34:14,20.245,28.42056,28.19111,70.94778000000001,86.55575999999999,293.9077,30.75698,37413.81
2022-02-28 11:35:14,18.61722,26.76833,26.54389,70.97166,86.61950999999999,293.8012,30.64322,37413.81
2022-02-28 11:36:14,18.08278,26.16778,25.89722,70.84055,86.41053000000001,293.9023,30.11025,37413.81
2022-02-28 11:37:14,20.296670000000002,27.75,26.93611,70.655,86.43181,293.857,30.64348,37413.81
2022-02-28 11:38:14,20.912779999999998,28.840559999999996,28.325,70.90055,86.64329000000001,293.8309,30.913359999999997,37413.81
2022-02-28 11:39:17,18.8,26.85833,26.57,70.83278,86.72715,293.8444,30.59338,37413.81
2022-02-28 11:40:17,18.20611,26.19334,25.88944,70.88779,86.53188,293.9138,30.10405,37413.81
2022-02-28 11:41:17,20.02889,27.479440000000004,26.66778,70.76722,86.47933,293.8785,30.12303,37413.81
2022-02-28 11:42:17,21.252779999999998,28.94333,28.29167,70.79889,86.68465,293.7796,30.78159,37413.81
2022-02-28 11:43:17,18.86944,26.93611,26.763340000000003,70.93723,86.62701,293.8247,30.80658,37413.81
2022-02-28 11:44:17,18.19333,26.20111,25.95111,70.83778000000001,86.58076,293.8345,30.229409999999998,37413.81
2022-02-28 11:45:17,19.65333,27.106109999999997,26.296670000000002,70.76444000000001,86.64583,293.8748,30.32382,37413.81
2022-02-28 11:46:20,21.31444,28.88444,28.20389,70.92944,86.68457,293.7406,30.812920000000002,37413.81
2022-02-28 11:47:20,18.91056,27.023329999999998,26.915,70.91889,86.7597,293.7623,30.913220000000003,37413.81
2022-02-28 11:48:20,18.18,26.245,26.05944,70.81166999999999,86.64706,293.8372,30.17326,37413.81
2022-02-28 11:49:20,19.38833,26.88444,26.077779999999997,70.73611,86.63834,293.7771,30.32985,37413.81
2022-02-28 11:50:20,21.245,28.765559999999997,28.05722,70.81721999999999,86.77972,293.771,30.882379999999998,37413.81
2022-02-28 11:51:20,19.067220000000002,27.281109999999998,27.162779999999998,71.07611,86.8148,293.8113,30.65598,37413.81
2022-02-28 11:52:20,18.331670000000003,26.42278,26.11889,70.83278,86.73346,293.7496,30.25522,37413.81
2022-02-28 11:53:20,18.851110000000002,26.433329999999998,25.75,70.83778000000001,86.61324,293.7821,30.04222,37413.81
2022-02-28 11:54:23,21.11889,28.65,27.886670000000002,70.87444,86.81973,293.736,30.6563,37413.81
2022-02-28 11:55:23,19.39111,27.54389,27.348329999999997,70.99221999999999,86.84605,293.7509,30.72343,37413.81
2022-02-28 11:56:23,18.51444,26.559440000000002,26.21167,70.85889,86.7772,293.7919,30.217240000000004,37413.81
2022-02-28 11:57:23,18.50167,26.19334,25.69333,70.74889,86.62335999999999,293.7597,30.09155,37413.81
2022-02-28 11:58:23,20.95889,28.485,27.729440000000004,70.73056,86.73091,293.7084,30.789,37413.81
2022-02-28 11:59:23,19.73556,27.827779999999997,27.69333,70.86667,86.8073,293.7296,30.98265,37413.81
2022-02-28 12:00:26,18.54778,26.546670000000002,26.229440000000004,70.92166,86.80225,293.6695,30.90075,37413.81
2022-02-28 12:01:26,18.12389,26.002779999999998,25.68611,70.77,86.65451999999999,293.7058,30.12963,37413.81
2022-02-28 12:02:26,20.79945,28.30722,27.52611,70.82778,86.78345999999999,293.6644,30.97022,37413.81
2022-02-28 12:03:26,19.85889,28.013340000000003,27.92278,70.95334,86.82481999999999,293.7234,30.749709999999997,37413.81
2022-02-28 12:04:26,18.488889999999998,26.58778,26.35333,70.77778,86.90111,293.692,30.680690000000002,37413.81
2022-02-28 12:05:26,17.90278,26.01556,25.78611,70.71778,86.8148,293.6769,30.204559999999997,37413.81
2022-02-28 12:06:26,20.51056,27.98222,27.157220000000002,70.81944,86.86105,293.6744,30.693590000000004,37413.81
2022-02-28 12:07:26,20.44611,28.55722,28.23722,70.84555,86.95246,293.6109,30.63764,37413.81
2022-02-28 12:08:26,18.72277,26.80722,26.51555,70.89834,86.96621999999999,293.568,30.39905,37413.81
2022-02-28 12:09:26,18.16222,26.170560000000002,25.86111,70.72278,86.77226999999999,293.6194,29.9034,37413.81
2022-02-28 12:10:26,20.12667,27.55167,26.708890000000004,70.74889,86.70715,293.5305,30.00365,37413.81
2022-02-28 12:11:26,21.22167,28.915,28.27611,70.78056,86.86227,293.5135,30.695490000000003,37413.81
2022-02-28 12:12:29,18.87667,26.905,26.642220000000002,70.85389,86.87611,293.6309,30.67473,37413.81
2022-02-28 12:13:29,18.23167,26.18056,25.905,70.65222,86.70963,293.6934,30.08385,37413.81
2022-02-28 12:14:29,19.794439999999998,27.23222,26.37667,70.71778,86.70211,293.6846,30.20542,37413.81
2022-02-28 12:15:29,21.34834,28.907220000000002,28.20389,70.78834,86.87611,293.5834,30.82565,37413.81
2022-02-28 12:16:29,18.94889,27.08278,26.99,70.77278000000001,86.9211,293.5682,30.87625,37413.81
2022-02-28 12:17:29,18.203329999999998,26.325,26.093329999999998,70.69667,86.82976,293.6668,30.21055,37413.81
2022-02-28 12:18:29,19.17278,26.67555,25.92833,70.74389000000001,86.82224000000001,293.6921,30.15435,37413.81
2022-02-28 12:19:29,21.19611,28.71167,27.958890000000004,70.86945,86.92743,293.5822,30.92657,37413.81
2022-02-28 12:20:32,19.18,27.373890000000003,27.22167,70.88223,86.85108000000001,293.576,30.66358,37413.81
2022-02-28 12:21:32,18.40389,26.477220000000003,26.16,70.79889,86.85483,293.612,30.14837,37413.81
2022-02-28 12:22:32,18.72778,26.33,25.75778,70.715,86.79478,293.5881,30.17949,37413.81
2022-02-28 12:23:32,21.04389,28.56222,27.77611,70.79333000000001,87.00997,293.5291,30.78189,37413.81
2022-02-28 12:24:32,19.58389,27.662779999999998,27.495,70.92944,87.01256,293.6608,30.57473,37413.81
2022-02-28 12:25:32,18.49889,26.50777,26.206670000000003,70.79333000000001,86.92993,293.6811,30.606379999999998,37413.81
2022-02-28 12:26:32,18.18556,26.00555,25.70889,70.72778000000001,86.816,293.7296,30.085209999999996,37413.81
2022-02-28 12:27:32,20.83,28.322229999999998,27.54944,70.78056,86.86731999999999,293.6319,30.8194,37413.81
2022-02-28 12:28:32,19.79222,27.905,27.827779999999997,70.86667,86.86604,293.6081,30.67447,37413.81
2022-02-28 12:29:32,18.46556,26.55722,26.33555,70.82222,86.81354,293.6094,30.53657,37413.81
2022-02-28 12:30:35,17.87944,25.91778,25.72945,70.79333000000001,86.7735,293.7347,30.060979999999997,37413.81
2022-02-28 12:31:35,20.62389,28.08778,27.29389,70.73611,86.8373,293.712,30.57511,37413.81
2022-02-28 12:32:35,20.075,28.227220000000003,28.075,70.84833,86.88986,293.6819,30.562170000000002,37413.81
2022-02-28 12:33:35,18.511670000000002,26.66,26.451109999999996,70.87444,86.87232,293.6446,30.499809999999997,37413.81
2022-02-28 12:34:35,18.03611,26.07222,25.80444,70.72,86.70463000000001,293.7371,29.94783,37413.81
2022-02-28 12:35:35,20.28611,27.729440000000004,26.93334,70.63889,86.75094,293.6747,30.4119,37413.81
2022-02-28 12:36:35,20.905,28.778890000000004,28.26833,70.92721999999999,86.92990999999999,293.6156,30.4497,37413.81
2022-02-28 12:37:35,18.85889,26.88167,26.606109999999997,70.72778000000001,86.97503,293.7498,30.593359999999997,37413.81
2022-02-28 12:38:35,18.22389,26.18833,25.92556,70.73334,86.85736,293.7972,29.992520000000003,37413.81
2022-02-28 12:39:38,19.99778,27.39722,26.56445,70.72278,86.82352,293.6895,29.929159999999996,37413.81
2022-02-28 12:40:38,21.25778,28.88167,28.22167,70.8511,86.97499,293.6482,30.574690000000004,37413.81
2022-02-28 12:41:38,18.87667,26.948890000000002,26.760559999999998,70.94,87.02631,293.7111,30.562590000000004,37413.81
2022-02-28 12:42:38,18.15445,26.183329999999998,25.933329999999998,70.82222,86.92616,293.7387,30.02895,37413.81
2022-02-28 12:43:38,19.50389,26.93833,26.12389,70.66501,86.88736,293.7023,29.910690000000002,37413.81
2022-02-28 12:44:38,21.24278,28.77611,28.07,70.775,86.93992,293.6311,30.47386,37413.81
2022-02-28 12:45:41,18.90778,27.028890000000004,26.946109999999997,70.76722,87.00381,293.6609,30.55554,37413.81
2022-02-28 12:46:41,18.198339999999998,26.26055,26.02611,70.74611999999999,86.9524,293.7083,29.974079999999997,37413.81
2022-02-28 12:47:41,19.21111,26.680559999999996,25.92278,70.58945,86.87106999999999,293.7137,29.95415,37413.81
2022-02-28 12:48:41,21.170560000000002,28.67056,27.930559999999996,70.80389,86.95114000000001,293.6783,30.3619,37413.81
2022-02-28 12:49:41,19.19833,27.394440000000003,27.23722,70.79333000000001,86.95244,293.6897,30.43062,37413.81
2022-02-28 12:50:41,18.406670000000002,26.415,26.10611,70.72278,86.88365,293.6819,29.897609999999997,37413.81
2022-02-28 12:51:41,18.55055,26.17555,25.68334,70.75445,86.76097,293.6497,29.73508,37413.81
2022-02-28 12:52:41,20.97167,28.44333,27.68611,70.79111,86.96746,293.5369,30.41211,37413.81
2022-02-28 12:53:41,19.625,27.67833,27.515559999999997,70.86166,86.91489,293.5793,30.36842,37413.81
2022-02-28 12:54:41,18.427220000000002,26.43833,26.14444,70.76222,87.03002,293.6183,30.512220000000003,37413.81
2022-02-28 12:55:44,18.11611,25.93833,25.657220000000002,70.64166999999999,86.8448,293.5957,29.86601,37413.81
2022-02-28 12:56:44,20.75,28.22167,27.451109999999996,70.60777,86.92741,293.5744,30.38672,37413.81
2022-02-28 12:57:44,19.773889999999998,27.87167,27.79945,70.87444,86.94234,293.5768,30.386390000000002,37413.81
2022-02-28 12:58:44,18.39333,26.46166,26.245,70.655,86.95615,293.5157,30.34886,37413.81
2022-02-28 12:59:44,17.815,25.905,25.670560000000002,70.55,86.8135,293.567,29.904490000000003,37413.81
2022-02-28 13:00:44,20.47167,27.905,27.08778,70.62833,86.89986,293.5521,30.37425,37413.81
2022-02-28 13:01:44,20.386670000000002,28.448890000000002,28.15223,70.76222,87.01003,293.5305,30.369490000000003,37413.81
2022-02-28 13:02:44,18.68667,26.74778,26.477220000000003,70.66778000000001,87.06000999999999,293.5269,30.48017,37413.81
2022-02-28 13:03:44,18.075,26.08,25.81445,70.605,86.89608,293.632,30.02228,37413.81
2022-02-28 13:04:44,20.09834,27.523329999999998,26.66,70.605,86.90739,293.6595,30.041520000000002,37413.81
2022-02-28 13:05:44,21.08556,28.83,28.219440000000002,70.72,87.01004,293.6194,30.543259999999997,37413.81
2022-02-28 13:06:44,18.84111,26.83278,26.662779999999998,70.69945,86.96128,293.6234,30.66897,37413.81
2022-02-28 13:07:44,18.13111,26.12889,25.87889,70.74611999999999,86.82226,293.6245,29.979090000000003,37413.81
2022-02-28 13:08:44,19.61222,27.02611,26.18056,70.555,86.84103,293.5969,29.928729999999998,37413.81
2022-02-28 13:09:44,21.227220000000003,28.781109999999998,28.05445,70.64944,86.94364,293.5005,30.618209999999998,37413.81
2022-02-28 13:10:44,18.92556,27.08778,26.98722,70.79333000000001,86.95366999999999,293.5295,30.41163,37413.81
2022-02-28 13:11:44,18.19055,26.278890000000004,26.01056,70.68611,86.95493,293.5232,30.11699,37413.81
2022-02-28 13:12:44,18.83555,26.368890000000004,25.745,70.60777,86.84232,293.6023,30.05459,37413.81
2022-02-28 13:13:44,21.03611,28.533890000000003,27.817220000000002,70.57111,87.03126,293.5492,30.57975,37413.81
2022-02-28 13:14:47,19.31111,27.428340000000002,27.27334,70.84555,86.98369,293.5784,30.49424,37413.81
2022-02-28 13:15:47,18.435,26.43611,26.10833,70.76722,86.985,293.5759,29.9663,37413.81
2022-02-28 13:16:47,18.31889,26.01833,25.59056,70.63389000000001,86.84727,293.6296,30.01036,37413.81
2022-02-28 13:17:47,20.84834,28.34556,27.554440000000003,70.77278000000001,87.02875999999999,293.5033,30.656229999999997,37413.81
2022-02-28 13:18:47,19.70722,27.77611,27.66,70.85389,87.02756,293.6174,30.53851,37413.81
2022-02-28 13:19:47,18.421670000000002,26.44333,26.22167,70.87722,86.98001,293.6306,30.46697,37413.81
2022-02-28 13:20:50,17.96944,25.9,25.60611,70.62333000000001,86.79478,293.5956,29.86865,37413.81
2022-02-28 13:21:50,20.64722,28.123890000000003,27.348329999999997,70.58945,86.93989,293.5681,30.50615,37413.81
2022-02-28 13:22:50,19.9,28.023329999999998,27.92056,70.77278000000001,86.98373000000001,293.6743,30.55005,37413.81
2022-02-28 13:23:50,18.45,26.538890000000002,26.33278,70.78555,87.05376,293.6305,30.29257,37413.81
2022-02-28 13:24:50,17.92555,26.0,25.73222,70.64166999999999,86.86233,293.6881,29.784640000000003,37413.81
2022-02-28 13:25:50,20.317220000000002,27.752779999999998,26.930559999999996,70.51611,86.85858,293.6596,30.323990000000002,37413.81
2022-02-28 13:26:53,20.43611,28.49778,28.175559999999997,70.72278,87.06135,293.5582,30.55003,37413.81
2022-02-28 13:27:53,18.69166,26.745,26.485,70.79111,87.08128,293.6309,30.662640000000003,37413.81
2022-02-28 13:28:53,18.11611,26.093329999999998,25.80722,70.65222,86.93244,293.6771,30.03578,37413.81
2022-02-28 13:29:53,20.00778,27.43833,26.60055,70.61278,86.90236999999999,293.6246,30.08646,37413.81
2022-02-28 13:30:53,21.20111,28.84555,28.18334,70.81445,87.02501,293.5358,30.5495,37413.81
2022-02-28 13:31:53,18.85889,26.856109999999997,26.70389,70.79889,86.97612,293.5569,30.47402,37413.81
2022-02-28 13:32:53,18.08278,26.12667,25.915,70.69945,86.8936,293.616,29.991259999999997,37413.81
2022-02-28 13:33:53,19.345,26.788890000000002,25.98222,70.57889,86.83733000000001,293.5543,30.203770000000002,37413.81
2022-02-28 13:34:53,21.14722,28.67056,27.95389,70.69112,87.0764,293.5483,30.6814,37413.81
2022-02-28 13:35:56,18.97944,27.16778,27.08555,70.73611,86.99746999999999,293.5355,30.374370000000003,37413.81
2022-02-28 13:36:56,18.275560000000002,26.33555,26.05944,70.55,86.94495,293.4795,29.96007,37413.81
2022-02-28 13:37:56,18.68667,26.24278,25.665,70.61834,86.85979,293.5392,29.990209999999998,37413.81
2022-02-28 13:38:56,20.956670000000003,28.46167,27.698890000000002,70.61834,86.99875,293.5009,30.581459999999996,37413.81
2022-02-28 13:39:56,19.61222,27.67278,27.523329999999998,70.73833,87.11886,293.568,30.68605,37413.81
2022-02-28 13:40:56,18.47056,26.451109999999996,26.155,70.77,87.1077,293.5705,30.66948,37413.81
2022-02-28 13:41:56,17.90278,25.843329999999998,25.636670000000002,70.66778000000001,86.95116999999999,293.666,30.02269,37413.81
2022-02-28 13:42:59,20.735,28.196109999999997,27.44111,70.63110999999999,86.97749,293.4896,30.776670000000003,37413.81
2022-02-28 13:43:59,19.89722,27.99778,27.907220000000002,70.70444,87.04259,293.5769,30.618840000000002,37413.81
2022-02-28 13:44:59,18.43222,26.51555,26.31444,70.74611999999999,87.07891,293.617,30.4934,37413.81
2022-02-28 13:45:59,17.920560000000002,25.98222,25.72445,70.55277,86.94618,293.6708,29.923070000000003,37413.81
2022-02-28 13:46:59,20.317220000000002,27.76555,26.956670000000003,70.55277,86.97496,293.6369,30.380159999999997,37413.81
2022-02-28 13:47:59,20.72167,28.67278,28.23222,70.73833,87.02753,293.5869,30.30433,37413.81
2022-02-28 13:48:59,18.78444,26.80722,26.495,70.75945,87.02006999999999,293.5397,30.38702,37413.81
2022-02-28 13:49:59,18.11056,26.04389,25.80167,70.73833,86.88986,293.5656,29.84667,37413.81
2022-02-28 13:50:59,19.73556,27.15,26.33278,70.61001,86.81729,293.5093,29.92292,37413.81
2022-02-28 13:52:02,21.21944,28.82,28.13167,70.63667,87.08886,293.5831,30.47403,37413.81
2022-02-28 13:53:02,18.83555,26.90223,26.79389,70.80112,87.03749,293.6019,30.51887,37413.81
2022-02-28 13:54:02,18.09,26.134439999999998,25.956670000000003,70.59722,86.88233000000001,293.5836,29.873070000000002,37413.81
2022-02-28 13:55:02,20.78111,28.198890000000002,27.38444,70.63667,86.92239000000001,293.6044,30.436809999999998,37413.81
2022-02-28 13:56:02,20.14445,28.317220000000002,28.18334,70.78278,87.02003,293.5796,30.405620000000003,37413.81
2022-02-28 13:57:02,18.60444,26.70389,26.46667,70.80112,87.01624,293.5993,30.48077,37413.81
2022-02-28 13:58:02,18.09,26.12167,25.78889,70.75667,86.93236999999999,293.6334,29.97878,37413.81
2022-02-28 13:59:02,20.09834,27.515559999999997,26.706670000000003,70.60777,86.95872,293.6796,30.091459999999998,37413.81
2022-02-28 14:00:05,21.01556,28.83278,28.286109999999997,70.74889,86.99123,293.586,30.42545,37413.81
2022-02-28 14:01:05,18.827779999999997,26.827779999999997,26.57222,70.62056,86.98996,293.6522,30.563209999999998,37413.81
2022-02-28 14:02:05,18.08778,26.09055,25.89445,70.61001,86.88486999999999,293.7159,30.066670000000002,37413.81
2022-02-28 14:03:05,19.50667,26.951109999999996,26.10611,70.61278,86.95378000000001,293.6244,30.14272,37413.81
2022-02-28 14:04:05,21.21167,28.729440000000004,28.02611,70.67833,87.06879,293.5745,30.512209999999996,37413.81
2022-02-28 14:05:05,18.961660000000002,27.136670000000002,27.021109999999997,70.77778,87.07007,293.6421,30.59385,37413.81
2022-02-28 14:06:08,18.20833,26.286109999999997,26.01556,70.68333,86.9499,293.5705,30.00398,37413.81
2022-02-28 14:07:08,18.81278,26.31444,25.68056,70.55778000000001,86.93365,293.7246,29.99867,37413.81
2022-02-28 14:08:08,21.01056,28.502779999999998,27.773329999999998,70.69667,87.08759,293.5631,30.450359999999996,37413.81
2022-02-28 14:09:08,19.48333,27.59555,27.412779999999998,70.74611999999999,87.02754,293.5971,30.37322,37413.81
2022-02-28 14:10:08,18.48611,26.42833,26.142220000000002,70.63389000000001,87.00757,293.5593,30.430790000000002,37413.81
2022-02-28 14:11:08,17.97222,25.86111,25.59056,70.53667,86.8323,293.6572,29.89681,37413.81
2022-02-28 14:12:08,20.691110000000002,28.162779999999998,27.41778,70.56555999999999,86.96621,293.5284,30.330140000000004,37413.81
2022-02-28 14:13:08,19.84111,27.95389,27.87667,70.74389000000001,86.97495,293.5396,30.480690000000003,37413.81
2022-02-28 14:14:08,18.37555,26.479440000000004,26.25778,70.75166999999999,86.94988000000001,293.6318,29.908790000000003,37413.81
2022-02-28 14:15:08,19.10555,26.60333,25.9,70.60221999999999,86.89865999999999,293.6733,30.01077,37413.81
2022-02-28 14:16:08,21.30167,28.77611,28.00556,70.61556,87.0764,293.6369,30.40512,37413.81
2022-02-28 14:17:11,19.20833,27.40222,27.245,70.73833,87.0351,293.5919,30.29239,37413.81
2022-02-28 14:18:11,18.49389,26.469440000000002,26.134439999999998,70.71778,86.9399,293.6423,30.455990000000003,37413.81
2022-02-28 14:19:11,18.075,25.892220000000002,25.58,70.56555999999999,86.90108000000001,293.6759,29.8656,37413.81
2022-02-28 14:20:11,20.77611,28.24,27.451109999999996,70.74611999999999,87.04507,293.6082,30.4229,37413.81
2022-02-28 14:21:11,19.843329999999998,27.92056,27.809440000000002,70.66277,87.05508,293.7134,30.54294,37413.81
2022-02-28 14:22:11,18.42944,26.47167,26.271109999999997,70.69112,87.01250999999999,293.657,30.31141,37413.81
2022-02-28 14:23:11,17.86167,25.933329999999998,25.71167,70.63110999999999,86.83476999999999,293.6646,29.86635,37413.81
2022-02-28 14:24:11,20.35333,27.783890000000003,26.96167,70.5,86.85481999999999,293.6234,30.1673,37413.81
2022-02-28 14:25:11,20.64445,28.63444,28.22167,70.76444000000001,86.91492,293.5833,30.179640000000003,37413.81
2022-02-28 14:26:11,18.74555,26.77611,26.495,70.79111,86.98995,293.6008,30.26134,37413.81
2022-02-28 14:27:11,18.09777,26.046670000000002,25.79389,70.67833,86.85986,293.6171,29.76568,37413.81
2022-02-28 14:28:14,19.92555,27.34055,26.495,70.52665999999999,86.79975,293.641,29.84765,37413.81
2022-02-28 14:29:14,21.227220000000003,28.788890000000002,28.139440000000004,70.83556,86.90111,293.6557,30.49965,37413.81
2022-02-28 14:30:14,18.81778,26.85833,26.73722,70.76222,86.93365,293.5718,30.36833,37413.81
2022-02-28 14:31:14,18.09,26.14444,25.977220000000003,70.66778000000001,86.86477,293.6845,29.696440000000003,37413.81
2022-02-28 14:32:14,19.255,26.680559999999996,25.905,70.55277,86.87106999999999,293.6734,29.835079999999998,37413.81
2022-02-28 14:33:14,21.15222,28.623890000000003,27.907220000000002,70.63889,87.02879,293.6245,30.368009999999998,37413.81
2022-02-28 14:34:14,19.165,27.33778,27.219440000000002,70.67833,87.08389,293.7033,30.367720000000002,37413.81
2022-02-28 14:35:14,18.41667,26.39722,26.08278,70.64944,86.98999,293.6858,30.28104,37413.81
2022-02-28 14:36:14,18.11833,25.86889,25.52111,70.58667,86.8961,293.6899,29.81107,37413.81
2022-02-28 14:37:17,20.83,28.309440000000002,27.55722,70.715,86.98875,293.6234,30.35543,37413.81
2022-02-28 14:38:17,19.75333,27.778890000000004,27.701109999999996,70.66,86.99628,293.6594,30.531159999999996,37413.81
2022-02-28 14:39:17,18.39611,26.405,26.25556,70.63667,87.0301,293.7074,30.35572,37413.81
2022-02-28 14:40:17,17.85611,25.892220000000002,25.655,70.53445,86.94495,293.6534,29.803259999999998,37413.81
2022-02-28 14:41:17,20.392220000000002,27.840559999999996,27.067220000000002,70.655,86.8573,293.6899,30.231090000000002,37413.81
2022-02-28 14:42:17,20.485,28.49,28.14722,70.76722,86.97746,293.6818,30.24049,37413.81
2022-02-28 14:43:17,18.68944,26.727220000000003,26.46445,70.64166999999999,86.98119,293.6897,30.305320000000002,37413.81
2022-02-28 14:44:17,18.468329999999998,26.18056,25.80444,70.49776999999999,86.78098,293.7271,29.72219,37413.81
2022-02-28 14:45:17,21.10833,28.54167,27.773329999999998,70.66,86.94866999999999,293.6084,30.19295,37413.81
2022-02-28 14:46:17,19.73556,27.79389,27.662779999999998,70.75667,86.95369000000001,293.7209,30.374059999999997,37413.81
2022-02-28 14:47:20,18.51944,26.46445,26.155,70.70721999999999,86.93117,293.722,30.24884,37413.81
2022-02-28 14:48:20,17.85889,25.84056,25.67278,70.57111,86.83855,293.7533,29.66515,37413.81
2022-02-28 14:49:20,20.613889999999998,28.031109999999998,27.25778,70.70167,86.88609,293.6571,30.11045,37413.81
2022-02-28 14:50:20,20.11611,28.22945,28.05445,70.72,86.93615,293.6481,30.15441,37413.81
2022-02-28 14:51:20,18.56055,26.628890000000002,26.45389,70.67278,86.97502,293.656,30.229340000000004,37413.81
2022-02-28 14:52:20,18.06944,26.01833,25.75778,70.48722,86.84357,293.761,29.94117,37413.81
2022-02-28 14:53:20,20.046670000000002,27.45389,26.66778,70.59167,86.84987,293.7985,29.91655,37413.81
2022-02-28 14:54:20,21.157220000000002,28.80167,28.21445,70.74611999999999,87.01625,293.7932,30.311420000000002,37413.81
2022-02-28 14:55:23,18.83833,26.80722,26.58555,70.78056,86.97249000000001,293.6983,30.31853,37413.81
2022-02-28 14:56:23,18.07222,26.06222,25.86611,70.60777,86.87106999999999,293.7547,29.978340000000003,37413.81
2022-02-28 14:57:23,19.488889999999998,26.892220000000002,26.09556,70.53445,86.92237,293.7349,30.04788,37413.81
2022-02-28 14:58:23,21.203889999999998,28.706670000000003,27.98222,70.81721999999999,87.0238,293.6758,30.575029999999998,37413.81
2022-02-28 14:59:23,18.91056,27.093329999999998,27.04167,70.73334,87.00876,293.6682,30.473809999999997,37413.81
2022-02-28 15:00:23,18.262220000000003,26.286109999999997,26.00555,70.68611,86.87737,293.731,29.85959,37413.81
2022-02-28 15:01:26,20.46444,27.86389,27.04389,70.57889,86.92618,293.7922,30.298579999999998,37413.81
2022-02-28 15:02:26,20.89722,28.843329999999998,28.41,70.84833,87.09639,293.7634,30.39948,37413.81
2022-02-28 15:03:26,18.83333,26.85833,26.61389,70.74889,87.03882,293.787,30.38638,37413.81
2022-02-28 15:04:26,18.18556,26.14722,25.905,70.61278,86.9024,293.8335,29.74059,37413.81
2022-02-28 15:05:26,19.78945,27.17278,26.317220000000002,70.70444,86.85602,293.7259,29.809309999999996,37413.81
2022-02-28 15:06:26,21.31222,28.843329999999998,28.16778,70.78555,86.94747,293.6383,30.429940000000002,37413.81
2022-02-28 15:07:26,18.89,27.00778,26.930559999999996,70.91889,86.95248000000001,293.641,30.26735,37413.81
2022-02-28 15:08:26,18.17778,26.252779999999998,26.05722,70.80945,86.95995,293.7458,29.891070000000003,37413.81
2022-02-28 15:09:26,19.046670000000002,26.50777,25.80722,70.62611,86.90111,293.7296,29.83452,37413.81
2022-02-28 15:10:29,21.17834,28.64722,27.958890000000004,70.59722,86.99620999999999,293.6594,30.34335,37413.81
2022-02-28 15:11:29,19.10833,27.29945,27.23722,70.83,86.98369,293.6446,30.41821,37413.81
2022-02-28 15:12:29,18.352220000000003,26.39722,26.11111,70.79611,86.95241,293.6121,29.810290000000002,37413.81
2022-02-28 15:13:29,18.435,26.06222,25.60056,70.53445,86.91489,293.6794,29.841140000000003,37413.81
2022-02-28 15:14:29,20.87389,28.340559999999996,27.618890000000004,70.62833,87.06130999999999,293.6645,30.461370000000002,37413.81
2022-02-28 15:15:29,19.683889999999998,27.74,27.58778,70.76444000000001,87.06379,293.7085,30.44945,37413.81
2022-02-28 15:16:29,18.445,26.425559999999997,26.203889999999998,70.66277,86.94364,293.7084,30.19207,37413.81
2022-02-28 15:17:29,17.83555,25.83,25.64722,70.72778000000001,86.8248,293.7298,29.747090000000004,37413.81
2022-02-28 15:18:29,20.577779999999997,28.06444,27.283890000000003,70.68333,86.87858,293.6497,30.41062,37413.81
2022-02-28 15:19:32,19.92834,28.05445,27.94333,70.79611,87.04758000000001,293.7612,30.334059999999997,37413.81
2022-02-28 15:20:32,18.47833,26.55722,26.32,70.78555,87.08133000000001,293.7347,30.21748,37413.81
2022-02-28 15:21:32,17.98222,25.99778,25.75,70.67833,86.87486,293.7346,29.721940000000004,37413.81
2022-02-28 15:22:32,20.24277,27.655,26.861109999999996,70.73056,86.82359,293.7463,30.229770000000002,37413.81
2022-02-28 15:23:32,20.92556,28.72445,28.245,70.75945,86.9587,293.6269,30.261129999999998,37413.81
2022-02-28 15:24:32,18.81,26.76833,26.536109999999997,70.78278,86.93494,293.6883,30.27198,37413.81
2022-02-28 15:25:32,18.113329999999998,26.067220000000002,25.85611,70.77778,86.8548,293.6933,29.8041,37413.81
2022-02-28 15:26:35,19.75889,27.18833,26.37167,70.66778000000001,86.81727,293.7209,29.897170000000003,37413.81
2022-02-28 15:27:35,21.245,28.788890000000002,28.10333,70.75166999999999,86.95118000000001,293.6292,30.4361,37413.81
2022-02-28 15:28:35,18.82556,26.93611,26.87167,70.90889,86.97117,293.6745,30.21097,37413.81
2022-02-28 15:29:35,18.15445,26.20889,25.956670000000003,70.63889,86.89989,293.6434,29.739990000000002,37413.81
2022-02-28 15:30:35,18.95167,26.425559999999997,25.78611,70.47667,86.82983,293.6608,29.87834,37413.81
2022-02-28 15:31:35,21.04167,28.52611,27.82,70.67278,86.9575,293.7047,30.279290000000003,37413.81
2022-02-28 15:32:35,19.37556,27.48222,27.356109999999997,70.76222,86.97124000000001,293.7223,30.290459999999996,37413.81
2022-02-28 15:33:35,18.43722,26.38167,26.10611,70.65222,87.04875,293.7108,30.46717,37413.81
2022-02-28 15:34:35,18.05667,25.85611,25.58278,70.775,86.88235,293.8085,29.70328,37413.81
2022-02-28 15:35:35,20.74,28.18833,27.451109999999996,70.65222,86.94743000000001,293.7094,30.4042,37413.81
2022-02-28 15:36:35,19.78945,27.881659999999997,27.76333,70.73056,86.99001,293.7811,30.46282,37413.81
2022-02-28 15:37:35,18.41389,26.456670000000003,26.281109999999998,70.81166999999999,86.93737,293.7996,29.82215,37413.81
2022-02-28 15:38:35,19.331670000000003,26.80445,26.05722,70.66,86.83979000000001,293.7683,29.69008,37413.81
2022-02-28 15:39:35,21.405,28.868890000000004,28.118890000000004,70.81166999999999,86.90864,293.7122,30.23602,37413.81
